x,y,theta,velocitiess
-1.6820524,-14.0065903,-0.526151363,3.9579801
-1.643064242,-14.02923301,-0.505392307,3.939844261
-1.604076084,-14.05187573,-0.48463325,3.921708423
-1.565087926,-14.07451844,-0.463874194,3.903572584
-1.526099769,-14.09716116,-0.443115138,3.885436746
-1.487111611,-14.11980387,-0.422356081,3.867300907
-1.448123453,-14.14244658,-0.401597025,3.849165068
-1.409135295,-14.1650893,-0.380837969,3.83102923
-1.370147137,-14.18773201,-0.360078912,3.812893391
-1.331158979,-14.21037472,-0.339319856,3.794757552
-1.292170822,-14.23301744,-0.3185608,3.776621714
-1.253182664,-14.25566015,-0.297801743,3.758485875
-1.214194506,-14.27830287,-0.277042687,3.740350037
-1.175206348,-14.30094558,-0.256283631,3.722214198
-1.13621819,-14.32358829,-0.235524574,3.704078359
-1.097230032,-14.34623101,-0.214765518,3.685942521
-1.058241875,-14.36887372,-0.194006462,3.667806682
-1.019253717,-14.39151643,-0.173247405,3.649670844
-0.980265559,-14.41415915,-0.152488349,3.631535005
-0.941277401,-14.43680186,-0.131729292,3.613399166
-0.902289243,-14.45944458,-0.110970236,3.595263328
-0.863301085,-14.48208729,-0.09021118,3.577127489
-0.824312928,-14.50473,-0.069452123,3.55899165
-0.779344384,-14.50788705,-0.047575252,3.547566964
-0.734366742,-14.51101445,-0.02569668,3.536152489
-0.689389099,-14.51414185,-0.003818108,3.524738013
-0.644411457,-14.51726925,0.018060464,3.513323537
-0.599433815,-14.52039665,0.039939036,3.501909061
-0.554456172,-14.52352405,0.061817608,3.490494586
-0.50947853,-14.52665145,0.08369618,3.47908011
-0.464500888,-14.52977885,0.105574752,3.467665634
-0.419523245,-14.53290625,0.127453324,3.456251159
-0.374545603,-14.53603365,0.149331896,3.444836683
-0.329567961,-14.53916105,0.171210468,3.433422207
-0.284590318,-14.54228845,0.19308904,3.422007731
-0.239612676,-14.54541585,0.214967612,3.410593256
-0.194635034,-14.54854325,0.236846184,3.39917878
-0.149657392,-14.55167065,0.258724756,3.387764304
-0.104679749,-14.55479805,0.280603328,3.376349829
-0.059702107,-14.55792545,0.3024819,3.364935353
-0.014724465,-14.56105285,0.324360472,3.353520877
0.030253178,-14.56418025,0.346239044,3.342106401
0.07523082,-14.56730765,0.368117616,3.330691926
0.120208462,-14.57043505,0.389996188,3.31927745
0.164303148,-14.56837258,0.412755299,3.309090693
0.205716117,-14.55054746,0.438188781,3.302632762
0.247129087,-14.53272234,0.463622263,3.296174832
0.288542056,-14.51489722,0.489055746,3.289716901
0.329955025,-14.4970721,0.514489228,3.28325897
0.371367995,-14.47924698,0.53992271,3.276801039
0.412780964,-14.46142186,0.565356193,3.270343108
0.454193934,-14.44359674,0.590789675,3.263885178
0.495606903,-14.42577162,0.616223157,3.257427247
0.537019872,-14.4079465,0.64165664,3.250969316
0.578432842,-14.39012138,0.667090122,3.244511385
0.619845811,-14.37229626,0.692523604,3.238053454
0.661258781,-14.35447114,0.717957087,3.231595524
0.70267175,-14.33664602,0.743390569,3.225137593
0.74408472,-14.3188209,0.768824051,3.218679662
0.785497689,-14.30099578,0.794257534,3.212221731
0.826910658,-14.28317066,0.819691016,3.2057638
0.868323628,-14.26534554,0.845124498,3.19930587
0.909736597,-14.24752042,0.870557981,3.192847939
0.951149567,-14.2296953,0.895991463,3.186390008
0.992562536,-14.21187018,0.921424945,3.179932077
1.033975505,-14.19404506,0.946858428,3.173474147
1.06640602,-14.16515716,0.967759503,3.175559666
1.092355467,-14.12828718,0.985390333,3.1838095
1.118304913,-14.09141721,1.003021162,3.192059334
1.144254359,-14.05454723,1.020651991,3.200309168
1.170203806,-14.01767725,1.038282821,3.208559002
1.196153252,-13.98080728,1.05591365,3.216808836
1.222102699,-13.9439373,1.07354448,3.22505867
1.248052145,-13.90706732,1.091175309,3.233308505
1.274001592,-13.87019735,1.108806139,3.241558339
1.299951038,-13.83332737,1.126436968,3.249808173
1.325900484,-13.79645739,1.144067798,3.258058007
1.351849931,-13.75958742,1.161698627,3.266307841
1.377799377,-13.72271744,1.179329457,3.274557675
1.403748824,-13.68584746,1.196960286,3.28280751
1.42969827,-13.64897749,1.214591115,3.291057344
1.455647717,-13.61210751,1.232221945,3.299307178
1.481597163,-13.57523754,1.249852774,3.307557012
1.507546609,-13.53836756,1.267483604,3.315806846
1.533496056,-13.50149758,1.285114433,3.32405668
1.559445502,-13.46462761,1.302745263,3.332306515
1.585394949,-13.42775763,1.320376092,3.340556349
1.611344395,-13.39088765,1.338006922,3.348806183
1.624178825,-13.34813577,1.349269391,3.357980326
1.634453534,-13.3042359,1.359288916,3.367334871
1.644728243,-13.26033602,1.369308442,3.376689416
1.655002953,-13.21643614,1.379327967,3.386043961
1.665277662,-13.17253626,1.389347493,3.395398506
1.675552371,-13.12863638,1.399367019,3.404753051
1.68582708,-13.08473651,1.409386544,3.414107596
1.696101789,-13.04083663,1.41940607,3.423462141
1.706376498,-12.99693675,1.429425595,3.432816686
1.716651207,-12.95303687,1.439445121,3.442171231
1.726925916,-12.90913699,1.449464647,3.451525776
1.737200626,-12.86523712,1.459484172,3.460880321
1.747475335,-12.82133724,1.469503698,3.470234866
1.757750044,-12.77743736,1.479523223,3.479589411
1.768024753,-12.73353748,1.489542749,3.488943956
1.778299462,-12.6896376,1.499562274,3.498298501
1.788574171,-12.64573773,1.5095818,3.507653046
1.79884888,-12.60183785,1.519601326,3.517007591
1.809123589,-12.55793797,1.529620851,3.526362136
1.819398298,-12.51403809,1.539640377,3.535716681
1.829673008,-12.47013821,1.549659902,3.545071226
1.839947717,-12.42623834,1.559679428,3.554425771
1.842549704,-12.38141798,1.565726636,3.565450894
1.8429502,-12.33633352,1.57063409,3.576955346
1.843350697,-12.29124906,1.575541544,3.588459799
1.843751193,-12.2461646,1.580448998,3.599964252
1.844151689,-12.20108014,1.585356451,3.611468704
1.844552185,-12.15599568,1.590263905,3.622973157
1.844952682,-12.11091122,1.595171359,3.63447761
1.845353178,-12.06582676,1.600078813,3.645982062
1.845753674,-12.0207423,1.604986266,3.657486515
1.84615417,-11.97565784,1.60989372,3.668990968
1.846554667,-11.93057338,1.614801174,3.68049542
1.846955163,-11.88548892,1.619708628,3.691999873
1.847355659,-11.84040446,1.624616081,3.703504326
1.847756155,-11.79532,1.629523535,3.715008778
1.848156651,-11.75023554,1.634430989,3.726513231
1.848557148,-11.70515108,1.639338443,3.738017684
1.848957644,-11.66006662,1.644245896,3.749522136
1.84935814,-11.61498216,1.64915335,3.761026589
1.849758636,-11.5698977,1.654060804,3.772531042
1.850159133,-11.52481324,1.658968258,3.784035494
1.850559629,-11.47972878,1.663875711,3.795539947
1.850960125,-11.43464432,1.668783165,3.8070444
1.847471403,-11.38973515,1.670599105,3.819859296
1.843016807,-11.34486951,1.671647278,3.832999636
1.838562212,-11.30000387,1.672695451,3.846139976
1.834107616,-11.25513823,1.673743624,3.859280316
1.82965302,-11.2102726,1.674791797,3.872420656
1.825198424,-11.16540696,1.675839971,3.885560996
1.820743828,-11.12054132,1.676888144,3.898701336
1.816289233,-11.07567568,1.677936317,3.911841676
1.811834637,-11.03081004,1.67898449,3.924982017
1.807380041,-10.9859444,1.680032663,3.938122357
1.802925445,-10.94107876,1.681080836,3.951262697
1.79847085,-10.89621313,1.682129009,3.964403037
1.794016254,-10.85134749,1.683177182,3.977543377
1.789561658,-10.80648185,1.684225355,3.990683717
1.785107062,-10.76161621,1.685273528,4.003824057
1.780652466,-10.71675057,1.686321701,4.016964397
1.776197871,-10.67188493,1.687369874,4.030104737
1.771743275,-10.6270193,1.688418048,4.043245078
1.767288679,-10.58215366,1.689466221,4.056385418
1.762834083,-10.53728802,1.690514394,4.069525758
1.758379487,-10.49242238,1.691562567,4.082666098
1.753924892,-10.44755674,1.69261074,4.095806438
1.748733666,-10.40277286,1.690808224,4.107690301
1.74324148,-10.35802239,1.687841014,4.11906081
1.737749293,-10.31327192,1.684873805,4.13043132
1.732257106,-10.26852145,1.681906595,4.141801829
1.726764919,-10.22377097,1.678939385,4.153172338
1.721272732,-10.1790205,1.675972175,4.164542847
1.715780546,-10.13427003,1.673004965,4.175913357
1.710288359,-10.08951955,1.670037755,4.187283866
1.704796172,-10.04476908,1.667070545,4.198654375
1.699303985,-10.00001861,1.664103336,4.210024884
1.693811798,-9.955268135,1.661136126,4.221395394
1.688319612,-9.910517662,1.658168916,4.232765903
1.682827425,-9.865767189,1.655201706,4.244136412
1.677335238,-9.821016717,1.652234496,4.255506922
1.671843051,-9.776266244,1.649267286,4.266877431
1.666350864,-9.731515771,1.646300076,4.27824794
1.660858678,-9.686765298,1.643332866,4.289618449
1.655366491,-9.642014825,1.640365657,4.300988959
1.649874304,-9.597264352,1.637398447,4.312359468
1.644382117,-9.552513879,1.634431237,4.323729977
1.63888993,-9.507763406,1.631464027,4.335100486
1.633397744,-9.463012934,1.628496817,4.346470996
1.62928562,-9.418139147,1.623048695,4.353548181
1.62675693,-9.373123876,1.614754068,4.355699367
1.62422824,-9.328108604,1.606459441,4.357850553
1.62169955,-9.283093333,1.598164814,4.360001739
1.61917086,-9.238078061,1.589870187,4.362152926
1.61664217,-9.19306279,1.581575561,4.364304112
1.61411348,-9.148047518,1.573280934,4.366455298
1.61158479,-9.103032247,1.564986307,4.368606484
1.6090561,-9.058016975,1.55669168,4.370757671
1.60652741,-9.013001704,1.548397053,4.372908857
1.60399872,-8.967986433,1.540102426,4.375060043
1.60147003,-8.922971161,1.531807799,4.377211229
1.59894134,-8.87795589,1.523513172,4.379362416
1.59641265,-8.832940618,1.515218545,4.381513602
1.59388396,-8.787925347,1.506923918,4.383664788
1.59135527,-8.742910075,1.498629291,4.385815974
1.58882658,-8.697894804,1.490334664,4.38796716
1.58629789,-8.652879532,1.482040037,4.390118347
1.5837692,-8.607864261,1.47374541,4.392269533
1.58124051,-8.562848989,1.465450783,4.394420719
1.57871182,-8.517833718,1.457156156,4.396571905
1.57618313,-8.472818446,1.448861529,4.398723092
1.575896538,-8.427883778,1.438607193,4.396990069
1.581651127,-8.383166291,1.423072554,4.384791311
1.587405715,-8.338448804,1.407537915,4.372592552
1.593160304,-8.293731317,1.392003276,4.360393793
1.598914893,-8.24901383,1.376468636,4.348195034
1.604669481,-8.204296343,1.360933997,4.335996275
1.61042407,-8.159578856,1.345399358,4.323797516
1.616178659,-8.114861369,1.329864719,4.311598758
1.621933247,-8.070143882,1.314330079,4.299399999
1.627687836,-8.025426395,1.29879544,4.28720124
1.633442424,-7.980708908,1.283260801,4.275002481
1.639197013,-7.935991421,1.267726162,4.262803722
1.644951602,-7.891273934,1.252191523,4.250604964
1.65070619,-7.846556447,1.236656883,4.238406205
1.656460779,-7.80183896,1.221122244,4.226207446
1.662215368,-7.757121473,1.205587605,4.214008687
1.667969956,-7.712403986,1.190052966,4.201809928
1.673724545,-7.667686499,1.174518326,4.189611169
1.679479134,-7.622969012,1.158983687,4.177412411
1.685233722,-7.578251524,1.143449048,4.165213652
1.690988311,-7.533534037,1.127914409,4.153014893
1.696742899,-7.48881655,1.112379769,4.140816134
1.705859974,-7.445136214,1.094408152,4.126098625
1.726294709,-7.40494678,1.068234007,4.102903354
1.746729444,-7.364757347,1.042059862,4.079708082
1.767164179,-7.324567914,1.015885717,4.056512811
1.787598914,-7.28437848,0.989711572,4.033317539
1.808033648,-7.244189047,0.963537427,4.010122268
1.828468383,-7.203999614,0.937363282,3.986926996
1.848903118,-7.16381018,0.911189137,3.963731725
1.869337853,-7.123620747,0.885014992,3.940536454
1.889772588,-7.083431314,0.858840847,3.917341182
1.910207322,-7.04324188,0.832666702,3.894145911
1.930642057,-7.003052447,0.806492557,3.870950639
1.951076792,-6.962863014,0.780318412,3.847755368
1.971511527,-6.92267358,0.754144267,3.824560096
1.991946262,-6.882484147,0.727970122,3.801364825
2.012380997,-6.842294714,0.701795976,3.778169554
2.032815731,-6.80210528,0.675621831,3.754974282
2.053250466,-6.761915847,0.649447686,3.731779011
2.073685201,-6.721726414,0.623273541,3.708583739
2.094119936,-6.68153698,0.597099396,3.685388468
2.114554671,-6.641347547,0.570925251,3.662193196
2.134989405,-6.601158114,0.544751106,3.638997925
2.161599441,-6.56680219,0.514812557,3.608214461
2.200561543,-6.54411467,0.477344309,3.562252815
2.239523644,-6.521427149,0.43987606,3.516291168
2.278485746,-6.498739629,0.402407811,3.470329522
2.317447847,-6.476052108,0.364939563,3.424367875
2.356409949,-6.453364588,0.327471314,3.378406229
2.39537205,-6.430677067,0.290003065,3.332444582
2.434334152,-6.407989547,0.252534817,3.286482936
2.473296253,-6.385302026,0.215066568,3.240521289
2.512258355,-6.362614506,0.17759832,3.194559643
2.551220456,-6.339926985,0.140130071,3.148597996
2.590182557,-6.317239464,0.102661822,3.10263635
2.629144659,-6.294551944,0.065193574,3.056674703
2.66810676,-6.271864423,0.027725325,3.010713057
2.707068862,-6.249176903,-0.009742924,2.96475141
2.746030963,-6.226489382,-0.047211172,2.918789764
2.784993065,-6.203801862,-0.084679421,2.872828118
2.823955166,-6.181114341,-0.122147669,2.826866471
2.862917268,-6.158426821,-0.159615918,2.780904825
2.901879369,-6.1357393,-0.197084167,2.734943178
2.940841471,-6.11305178,-0.234552415,2.688981532
2.980024194,-6.092070882,-0.271427696,2.645630783
3.023474845,-6.104104578,-0.296832025,2.65278779
3.066925497,-6.116138274,-0.322236355,2.659944798
3.110376148,-6.12817197,-0.347640684,2.667101806
3.153826799,-6.140205666,-0.373045014,2.674258814
3.197277451,-6.152239362,-0.398449343,2.681415822
3.240728102,-6.164273058,-0.423853672,2.68857283
3.284178753,-6.176306754,-0.449258002,2.695729837
3.327629405,-6.18834045,-0.474662331,2.702886845
3.371080056,-6.200374146,-0.500066661,2.710043853
3.414530707,-6.212407842,-0.52547099,2.717200861
3.457981359,-6.224441538,-0.550875319,2.724357869
3.50143201,-6.236475234,-0.576279649,2.731514877
3.544882661,-6.248508929,-0.601683978,2.738671885
3.588333313,-6.260542625,-0.627088308,2.745828892
3.631783964,-6.272576321,-0.652492637,2.7529859
3.675234615,-6.284610017,-0.677896966,2.760142908
3.718685267,-6.296643713,-0.703301296,2.767299916
3.762135918,-6.308677409,-0.728705625,2.774456924
3.805586569,-6.320711105,-0.754109955,2.781613932
3.849037221,-6.332744801,-0.779514284,2.78877094
3.892487872,-6.344778497,-0.804918613,2.795927947
3.925941583,-6.373490592,-0.825703387,2.805097617
3.957036007,-6.406138803,-0.845397941,2.814742277
3.988130431,-6.438787015,-0.865092495,2.824386937
4.019224855,-6.471435227,-0.88478705,2.834031597
4.050319279,-6.504083439,-0.904481604,2.843676257
4.081413703,-6.53673165,-0.924176158,2.853320917
4.112508127,-6.569379862,-0.943870712,2.862965577
4.143602551,-6.602028074,-0.963565267,2.872610237
4.174696975,-6.634676286,-0.983259821,2.882254897
4.205791399,-6.667324497,-1.002954375,2.891899557
4.236885824,-6.699972709,-1.022648929,2.901544217
4.267980248,-6.732620921,-1.042343483,2.911188877
4.299074672,-6.765269133,-1.062038038,2.920833537
4.330169096,-6.797917344,-1.081732592,2.930478197
4.36126352,-6.830565556,-1.101427146,2.940122857
4.392357944,-6.863213768,-1.1211217,2.949767517
4.423452368,-6.89586198,-1.140816255,2.959412177
4.454546792,-6.928510191,-1.160510809,2.969056838
4.485641216,-6.961158403,-1.180205363,2.978701498
4.51673564,-6.993806615,-1.199899917,2.988346158
4.547830064,-7.026454827,-1.219594472,2.997990818
4.575714452,-7.06106324,-1.237743111,3.008692075
4.590554307,-7.103637265,-1.249609662,3.023686995
4.605394161,-7.146211291,-1.261476213,3.038681915
4.620234016,-7.188785316,-1.273342765,3.053676836
4.635073871,-7.231359341,-1.285209316,3.068671756
4.649913726,-7.273933367,-1.297075867,3.083666676
4.664753581,-7.316507392,-1.308942418,3.098661596
4.679593436,-7.359081418,-1.320808969,3.113656517
4.694433291,-7.401655443,-1.33267552,3.128651437
4.709273146,-7.444229469,-1.344542072,3.143646357
4.724113001,-7.486803494,-1.356408623,3.158641277
4.738952856,-7.52937752,-1.368275174,3.173636198
4.753792711,-7.571951545,-1.380141725,3.188631118
4.768632566,-7.614525571,-1.392008276,3.203626038
4.783472421,-7.657099596,-1.403874827,3.218620958
4.798312276,-7.699673622,-1.415741379,3.233615879
4.813152131,-7.742247647,-1.42760793,3.248610799
4.827991985,-7.784821673,-1.439474481,3.263605719
4.84283184,-7.827395698,-1.451341032,3.278600639
4.857671695,-7.869969723,-1.463207583,3.29359556
4.87251155,-7.912543749,-1.475074134,3.30859048
4.887351405,-7.955117774,-1.486940685,3.3235854
4.898902763,-7.998376912,-1.497038731,3.338908589
4.902299005,-8.043335053,-1.502751074,3.355045846
4.905695248,-8.088293195,-1.508463417,3.371183104
4.909091491,-8.133251336,-1.514175761,3.387320361
4.912487734,-8.178209477,-1.519888104,3.403457619
4.915883977,-8.223167619,-1.525600448,3.419594876
4.91928022,-8.26812576,-1.531312791,3.435732134
4.922676463,-8.313083901,-1.537025134,3.451869391
4.926072706,-8.358042043,-1.542737478,3.468006649
4.929468949,-8.403000184,-1.548449821,3.484143906
4.932865192,-8.447958326,-1.554162164,3.500281164
4.936261435,-8.492916467,-1.559874508,3.516418421
4.939657678,-8.537874608,-1.565586851,3.532555679
4.94305392,-8.58283275,-1.571299195,3.548692936
4.946450163,-8.627790891,-1.577011538,3.564830194
4.949846406,-8.672749032,-1.582723881,3.580967452
4.953242649,-8.717707174,-1.588436225,3.597104709
4.956638892,-8.762665315,-1.594148568,3.613241967
4.960035135,-8.807623456,-1.599860912,3.629379224
4.963431378,-8.852581598,-1.605573255,3.645516482
4.966827621,-8.897539739,-1.611285598,3.661653739
4.970223864,-8.94249788,-1.616997942,3.677790997
4.97209609,-8.987475089,-1.621614815,3.693699664
4.969825713,-9.032504128,-1.623253962,3.708986975
4.967555335,-9.077533166,-1.62489311,3.724274286
4.965284957,-9.122562205,-1.626532257,3.739561596
4.963014579,-9.167591244,-1.628171405,3.754848907
4.960744201,-9.212620282,-1.629810552,3.770136218
4.958473823,-9.257649321,-1.6314497,3.785423529
4.956203445,-9.30267836,-1.633088847,3.800710839
4.953933067,-9.347707398,-1.634727995,3.81599815
4.951662689,-9.392736437,-1.636367142,3.831285461
4.949392311,-9.437765476,-1.63800629,3.846572771
4.947121933,-9.482794514,-1.639645437,3.861860082
4.944851556,-9.527823553,-1.641284585,3.877147393
4.942581178,-9.572852592,-1.642923732,3.892434704
4.9403108,-9.61788163,-1.64456288,3.907722014
4.938040422,-9.662910669,-1.646202027,3.923009325
4.935770044,-9.707939708,-1.647841175,3.938296636
4.933499666,-9.752968746,-1.649480322,3.953583946
4.931229288,-9.797997785,-1.65111947,3.968871257
4.92895891,-9.843026824,-1.652758617,3.984158568
4.926688532,-9.888055862,-1.654397765,3.999445879
4.924418154,-9.933084901,-1.656036912,4.014733189
4.922147776,-9.97811394,-1.65767606,4.0300205
4.918316474,-10.02303562,-1.656080216,4.043543486
4.914400533,-10.06795148,-1.654308958,4.056970804
4.910484592,-10.11286734,-1.652537701,4.070398122
4.90656865,-10.15778319,-1.650766443,4.08382544
4.902652709,-10.20269905,-1.648995186,4.097252758
4.898736768,-10.24761491,-1.647223928,4.110680075
4.894820826,-10.29253077,-1.64545267,4.124107393
4.890904885,-10.33744663,-1.643681413,4.137534711
4.886988944,-10.38236249,-1.641910155,4.150962029
4.883073002,-10.42727835,-1.640138898,4.164389347
4.879157061,-10.4721942,-1.63836764,4.177816664
4.87524112,-10.51711006,-1.636596383,4.191243982
4.871325178,-10.56202592,-1.634825125,4.2046713
4.867409237,-10.60694178,-1.633053867,4.218098618
4.863493296,-10.65185764,-1.63128261,4.231525936
4.859577354,-10.6967735,-1.629511352,4.244953254
4.855661413,-10.74168936,-1.627740095,4.258380571
4.851745472,-10.78660521,-1.625968837,4.271807889
4.84782953,-10.83152107,-1.62419758,4.285235207
4.843913589,-10.87643693,-1.622426322,4.298662525
4.839997648,-10.92135279,-1.620655065,4.312089843
4.836081706,-10.96626865,-1.618883807,4.325517161
4.833360061,-11.01126493,-1.613639273,4.333012305
4.831218903,-11.0563003,-1.606706553,4.337624119
4.829077745,-11.10133566,-1.599773834,4.342235933
4.826936587,-11.14637103,-1.592841114,4.346847747
4.824795429,-11.1914064,-1.585908395,4.35145956
4.822654271,-11.23644177,-1.578975675,4.356071374
4.820513113,-11.28147714,-1.572042956,4.360683188
4.818371955,-11.3265125,-1.565110237,4.365295002
4.816230797,-11.37154787,-1.558177517,4.369906816
4.81408964,-11.41658324,-1.551244798,4.37451863
4.811948482,-11.46161861,-1.544312078,4.379130443
4.809807324,-11.50665398,-1.537379359,4.383742257
4.807666166,-11.55168934,-1.53044664,4.388354071
4.805525008,-11.59672471,-1.52351392,4.392965885
4.80338385,-11.64176008,-1.516581201,4.397577699
4.801242692,-11.68679545,-1.509648481,4.402189513
4.799101534,-11.73183082,-1.502715762,4.406801326
4.796960376,-11.77686618,-1.495783042,4.41141314
4.794819218,-11.82190155,-1.488850323,4.416024954
4.79267806,-11.86693692,-1.481917604,4.420636768
4.790536902,-11.91197229,-1.474984884,4.425248582
4.788395744,-11.95700766,-1.468052165,4.429860396
4.790029125,-12.00193282,-1.456794793,4.425680189
4.794794296,-12.04676653,-1.441949193,4.414205113
4.799559468,-12.09160025,-1.427103593,4.402730036
4.80432464,-12.13643396,-1.412257993,4.39125496
4.809089811,-12.18126768,-1.397412393,4.379779883
4.813854983,-12.2261014,-1.382566793,4.368304807
4.818620155,-12.27093511,-1.367721193,4.35682973
4.823385326,-12.31576883,-1.352875593,4.345354654
4.828150498,-12.36060254,-1.338029993,4.333879577
4.83291567,-12.40543626,-1.323184393,4.322404501
4.837680841,-12.45026997,-1.308338793,4.310929424
4.842446013,-12.49510369,-1.293493193,4.299454348
4.847211185,-12.53993741,-1.278647593,4.287979272
4.851976356,-12.58477112,-1.263801993,4.276504195
4.856741528,-12.62960484,-1.248956393,4.265029119
4.8615067,-12.67443855,-1.234110793,4.253554042
4.866271872,-12.71927227,-1.219265193,4.242078966
4.871037043,-12.76410599,-1.204419593,4.230603889
4.875802215,-12.8089397,-1.189573993,4.219128813
4.880567387,-12.85377342,-1.174728393,4.207653736
4.885332558,-12.89860713,-1.159882793,4.19617866
4.89009773,-12.94344085,-1.145037193,4.184703583
4.894862902,-12.98827456,-1.130191593,4.173228507
4.91386545,-13.02911631,-1.107250509,4.143800014
4.933103994,-13.06989188,-1.084175236,4.114073929
4.952342539,-13.11066745,-1.061099963,4.084347845
4.971581083,-13.15144303,-1.038024691,4.05462176
4.990819627,-13.1922186,-1.014949418,4.024895676
5.010058171,-13.23299417,-0.991874145,3.995169592
5.029296715,-13.27376975,-0.968798873,3.965443507
5.048535259,-13.31454532,-0.9457236,3.935717423
5.067773803,-13.35532089,-0.922648327,3.905991338
5.087012347,-13.39609647,-0.899573055,3.876265254
5.106250891,-13.43687204,-0.876497782,3.846539169
5.125489435,-13.47764761,-0.853422509,3.816813085
5.144727979,-13.51842318,-0.830347237,3.787087001
5.163966524,-13.55919876,-0.807271964,3.757360916
5.183205068,-13.59997433,-0.784196691,3.727634832
5.202443612,-13.6407499,-0.761121419,3.697908747
5.221682156,-13.68152548,-0.738046146,3.668182663
5.2409207,-13.72230105,-0.714970873,3.638456578
5.260159244,-13.76307662,-0.691895601,3.608730494
5.279397788,-13.8038522,-0.668820328,3.57900441
5.298636332,-13.84462777,-0.645745055,3.549278325
5.329289372,-13.87604517,-0.601148589,3.486362246
5.365501596,-13.90290488,-0.54607069,3.407281694
5.40171382,-13.92976458,-0.49099279,3.328201142
5.437926044,-13.95662429,-0.43591489,3.249120591
5.474138267,-13.98348399,-0.380836991,3.170040039
5.510350491,-14.0103437,-0.325759091,3.090959487
5.546562715,-14.0372034,-0.270681191,3.011878935
5.582774939,-14.06406311,-0.215603292,2.932798384
5.618987163,-14.09092281,-0.160525392,2.853717832
5.655199387,-14.11778252,-0.105447492,2.77463728
5.691411611,-14.14464223,-0.050369593,2.695556729
5.727623835,-14.17150193,0.004708307,2.616476177
5.763836059,-14.19836164,0.059786206,2.537395625
5.800048283,-14.22522134,0.114864106,2.458315073
5.836260506,-14.25208105,0.169942006,2.379234522
5.87247273,-14.27894075,0.225019905,2.30015397
5.908684954,-14.30580046,0.280097805,2.221073418
5.944897178,-14.33266016,0.335175705,2.141992867
5.981109402,-14.35951987,0.390253604,2.062912315
6.017321626,-14.38637957,0.445331504,1.983831763
6.057426657,-14.37171339,0.47511837,2.007043567
6.097999971,-14.35205187,0.501862869,2.042560555
6.138573285,-14.33239036,0.528607368,2.078077544
6.179146599,-14.31272884,0.555351867,2.113594532
6.219719912,-14.29306733,0.582096366,2.14911152
6.260293226,-14.27340582,0.608840865,2.184628509
6.30086654,-14.2537443,0.635585364,2.220145497
6.341439854,-14.23408279,0.662329863,2.255662485
6.382013168,-14.21442127,0.689074362,2.291179474
6.422586481,-14.19475976,0.715818861,2.326696462
6.463159795,-14.17509824,0.742563361,2.36221345
6.503733109,-14.15543673,0.76930786,2.397730439
6.544306423,-14.13577522,0.796052359,2.433247427
6.584879736,-14.1161137,0.822796858,2.468764416
6.62545305,-14.09645219,0.849541357,2.504281404
6.666026364,-14.07679067,0.876285856,2.539798392
6.706599678,-14.05712916,0.903030355,2.575315381
6.747172992,-14.03746764,0.929774854,2.610832369
6.787746305,-14.01780613,0.956519353,2.646349357
6.828319619,-13.99814461,0.983263852,2.681866346
6.868892933,-13.9784831,1.010008351,2.717383334
6.909466247,-13.95882159,1.036752851,2.752900322
6.933426356,-13.92114044,1.052493867,2.76437678
6.956313038,-13.88229499,1.067523917,2.77429991
6.97919972,-13.84344955,1.082553966,2.784223039
7.002086403,-13.8046041,1.097584016,2.794146169
7.024973085,-13.76575865,1.112614066,2.804069298
7.047859767,-13.72691321,1.127644115,2.813992428
7.070746449,-13.68806776,1.142674165,2.823915557
7.093633131,-13.64922231,1.157704215,2.833838687
7.116519813,-13.61037687,1.172734264,2.843761816
7.139406495,-13.57153142,1.187764314,2.853684946
7.162293177,-13.53268597,1.202794364,2.863608075
7.18517986,-13.49384053,1.217824413,2.873531205
7.208066542,-13.45499508,1.232854463,2.883454334
7.230953224,-13.41614963,1.247884513,2.893377464
7.253839906,-13.37730419,1.262914562,2.903300593
7.276726588,-13.33845874,1.277944612,2.913223723
7.29961327,-13.29961329,1.292974662,2.923146852
7.322499952,-13.26076785,1.308004711,2.933069982
7.345386634,-13.2219224,1.323034761,2.942993111
7.368273317,-13.18307695,1.338064811,2.952916241
7.391159999,-13.14423151,1.35309486,2.962839371
7.414046681,-13.10538606,1.36812491,2.9727625
7.424877236,-13.06191229,1.375969296,2.99142097
7.433864453,-13.01773085,1.382715018,3.011415043
7.442851669,-12.97354942,1.389460741,3.031409116
7.451838885,-12.92936799,1.396206464,3.05140319
7.460826101,-12.88518656,1.402952187,3.071397263
7.469813317,-12.84100513,1.409697909,3.091391336
7.478800534,-12.7968237,1.416443632,3.111385409
7.48778775,-12.75264227,1.423189355,3.131379482
7.496774966,-12.70846083,1.429935078,3.151373555
7.505762182,-12.6642794,1.4366808,3.171367628
7.514749398,-12.62009797,1.443426523,3.191361702
7.523736614,-12.57591654,1.450172246,3.211355775
7.532723831,-12.53173511,1.456917969,3.231349848
7.541711047,-12.48755368,1.463663691,3.251343921
7.550698263,-12.44337225,1.470409414,3.271337994
7.559685479,-12.39919081,1.477155137,3.291332067
7.568672695,-12.35500938,1.48390086,3.31132614
7.577659911,-12.31082795,1.490646582,3.331320214
7.586647128,-12.26664652,1.497392305,3.351314287
7.595634344,-12.22246509,1.504138028,3.37130836
7.60462156,-12.17828366,1.510883751,3.391302433
7.613608776,-12.13410223,1.517629473,3.411296506
7.617760758,-12.08930834,1.521839176,3.429294885
7.620073011,-12.04428144,1.525083965,3.446533935
7.622385264,-11.99925453,1.528328753,3.463772985
7.624697517,-11.95422762,1.531573541,3.481012035
7.62700977,-11.90920071,1.534818329,3.498251084
7.629322023,-11.86417381,1.538063117,3.515490134
7.631634275,-11.8191469,1.541307905,3.532729184
7.633946528,-11.77411999,1.544552693,3.549968233
7.636258781,-11.72909308,1.547797482,3.567207283
7.638571034,-11.68406617,1.55104227,3.584446333
7.640883287,-11.63903927,1.554287058,3.601685383
7.64319554,-11.59401236,1.557531846,3.618924432
7.645507793,-11.54898545,1.560776634,3.636163482
7.647820046,-11.50395854,1.564021422,3.653402532
7.650132299,-11.45893164,1.56726621,3.670641581
7.652444551,-11.41390473,1.570510999,3.687880631
7.654756804,-11.36887782,1.573755787,3.705119681
7.657069057,-11.32385091,1.577000575,3.72235873
7.65938131,-11.278824,1.580245363,3.73959778
7.661693563,-11.2337971,1.583490151,3.75683683
7.664005816,-11.18877019,1.586734939,3.77407588
7.666318069,-11.14374328,1.589979728,3.791314929
7.666535508,-11.09868392,1.592025808,3.807961409
7.665619293,-11.05360699,1.593423181,3.824287208
7.664703078,-11.00853006,1.594820555,3.840613006
7.663786863,-10.96345313,1.596217928,3.856938804
7.662870648,-10.9183762,1.597615301,3.873264602
7.661954433,-10.87329927,1.599012675,3.889590401
7.661038218,-10.82822235,1.600410048,3.905916199
7.660122003,-10.78314542,1.601807422,3.922241997
7.659205788,-10.73806849,1.603204795,3.938567795
7.658289573,-10.69299156,1.604602169,3.954893594
7.657373359,-10.64791463,1.605999542,3.971219392
7.656457144,-10.6028377,1.607396916,3.98754519
7.655540929,-10.55776077,1.608794289,4.003870988
7.654624714,-10.51268385,1.610191663,4.020196787
7.653708499,-10.46760692,1.611589036,4.036522585
7.652792284,-10.42252999,1.612986409,4.052848383
7.651876069,-10.37745306,1.614383783,4.069174182
7.650959854,-10.33237613,1.615781156,4.08549998
7.650043639,-10.2872992,1.61717853,4.101825778
7.649127425,-10.24222227,1.618575903,4.118151576
7.64821121,-10.19714535,1.619973277,4.134477375
7.647294995,-10.15206842,1.62137065,4.150803173
7.645559299,-10.10702079,1.622209356,4.165886971
7.643254271,-10.06199351,1.62265993,4.180107891
7.640949243,-10.01696623,1.623110503,4.194328812
7.638644215,-9.971938951,1.623561076,4.208549732
7.636339187,-9.926911672,1.624011649,4.222770652
7.634034159,-9.881884394,1.624462222,4.236991573
7.631729131,-9.836857116,1.624912795,4.251212493
7.629424103,-9.791829838,1.625363369,4.265433414
7.627119075,-9.746802559,1.625813942,4.279654334
7.624814047,-9.701775281,1.626264515,4.293875255
7.622509019,-9.656748003,1.626715088,4.308096175
7.620203992,-9.611720725,1.627165661,4.322317096
7.617898964,-9.566693447,1.627616234,4.336538016
7.615593936,-9.521666168,1.628066808,4.350758936
7.613288908,-9.47663889,1.628517381,4.364979857
7.61098388,-9.431611612,1.628967954,4.379200777
7.608678852,-9.386584334,1.629418527,4.393421698
7.606373824,-9.341557055,1.6298691,4.407642618
7.604068796,-9.296529777,1.630319673,4.421863539
7.601763768,-9.251502499,1.630770247,4.436084459
7.59945874,-9.206475221,1.63122082,4.45030538
7.597153712,-9.161447942,1.631671393,4.4645263
7.594623826,-9.116433297,1.631891945,4.477608612
7.591870793,-9.071431189,1.631884225,4.489560981
7.58911776,-9.026429081,1.631876506,4.50151335
7.586364728,-8.981426972,1.631868786,4.513465718
7.583611695,-8.936424864,1.631861067,4.525418087
7.580858663,-8.891422756,1.631853347,4.537370456
7.57810563,-8.846420648,1.631845628,4.549322825
7.575352597,-8.801418539,1.631837908,4.561275194
7.572599565,-8.756416431,1.631830189,4.573227563
7.569846532,-8.711414323,1.631822469,4.585179931
7.567093499,-8.666412214,1.63181475,4.5971323
7.564340467,-8.621410106,1.63180703,4.609084669
7.561587434,-8.576407998,1.631799311,4.621037038
7.558834401,-8.53140589,1.631791591,4.632989407
7.556081369,-8.486403781,1.631783872,4.644941776
7.553328336,-8.441401673,1.631776152,4.656894144
7.550575304,-8.396399565,1.631768433,4.668846513
7.547822271,-8.351397456,1.631760713,4.680798882
7.545069238,-8.306395348,1.631752994,4.692751251
7.542316206,-8.26139324,1.631745274,4.70470362
7.539563173,-8.216391132,1.631737555,4.716655989
7.53681014,-8.171389023,1.631729835,4.728608357
7.534060524,-8.126386706,1.63159453,4.739585015
7.531315154,-8.08138413,1.631300682,4.749349225
7.528569783,-8.036381554,1.631006835,4.759113436
7.525824413,-7.991378977,1.630712987,4.768877647
7.523079042,-7.946376401,1.630419139,4.778641857
7.520333672,-7.901373825,1.630125292,4.788406068
7.517588301,-7.856371248,1.629831444,4.798170278
7.514842931,-7.811368672,1.629537597,4.807934489
7.51209756,-7.766366095,1.629243749,4.8176987
7.50935219,-7.721363519,1.628949902,4.82746291
7.506606819,-7.676360943,1.628656054,4.837227121
7.503861449,-7.631358366,1.628362206,4.846991332
7.501116079,-7.58635579,1.628068359,4.856755542
7.498370708,-7.541353214,1.627774511,4.866519753
7.495625338,-7.496350637,1.627480664,4.876283963
7.492879967,-7.451348061,1.627186816,4.886048174
7.490134597,-7.406345485,1.626892969,4.895812385
7.487389226,-7.361342908,1.626599121,4.905576595
7.484643856,-7.316340332,1.626305273,4.915340806
7.481898485,-7.271337755,1.626011426,4.925105017
7.479153115,-7.226335179,1.625717578,4.934869227
7.476407744,-7.181332603,1.625423731,4.944633438
7.473786444,-7.13632286,1.625088493,4.953565307
7.471332318,-7.091303462,1.624697485,4.961375662
7.468878191,-7.046284064,1.624306477,4.969186016
7.466424065,-7.001264666,1.623915469,4.976996371
7.463969939,-6.956245268,1.623524461,4.984806726
7.461515813,-6.91122587,1.623133453,4.99261708
7.459061687,-6.866206472,1.622742445,5.000427435
7.456607561,-6.821187074,1.622351437,5.00823779
7.454153435,-6.776167676,1.621960429,5.016048144
7.451699309,-6.731148278,1.621569421,5.023858499
7.449245183,-6.686128879,1.621178414,5.031668854
7.446791057,-6.641109481,1.620787406,5.039479209
7.444336931,-6.596090083,1.620396398,5.047289563
7.441882805,-6.551070685,1.62000539,5.055099918
7.439428678,-6.506051287,1.619614382,5.062910273
7.436974552,-6.461031889,1.619223374,5.070720627
7.434520426,-6.416012491,1.618832366,5.078530982
7.4320663,-6.370993093,1.618441358,5.086341337
7.429612174,-6.325973695,1.61805035,5.094151691
7.427158048,-6.280954297,1.617659342,5.101962046
7.424703922,-6.235934899,1.617268334,5.109772401
7.422249796,-6.190915501,1.616877326,5.117582755
7.419961683,-6.145887769,1.61661127,5.124582317
7.417894861,-6.100848928,1.61651177,5.130501111
7.415828039,-6.055810087,1.61641227,5.136419905
7.413761218,-6.010771246,1.61631277,5.142338699
7.411694396,-5.965732405,1.61621327,5.148257493
7.409627574,-5.920693564,1.61611377,5.154176287
7.407560752,-5.875654723,1.61601427,5.160095082
7.40549393,-5.830615882,1.61591477,5.166013876
7.403427109,-5.785577042,1.61581527,5.17193267
7.401360287,-5.740538201,1.61571577,5.177851464
7.399293465,-5.69549936,1.61561627,5.183770258
7.397226643,-5.650460519,1.61551677,5.189689052
7.395159822,-5.605421678,1.61541727,5.195607847
7.393093,-5.560382837,1.61531777,5.201526641
7.391026178,-5.515343996,1.61521827,5.207445435
7.388959356,-5.470305156,1.61511877,5.213364229
7.386892534,-5.425266315,1.61501927,5.219283023
7.384825713,-5.380227474,1.61491977,5.225201817
7.382758891,-5.335188633,1.61482027,5.231120612
7.380692069,-5.290149792,1.61472077,5.237039406
7.378625247,-5.245110951,1.61462127,5.2429582
7.376558426,-5.20007211,1.61452177,5.248876994
7.374533785,-5.15503138,1.614748341,5.253902815
7.372565562,-5.109988123,1.615411036,5.257734269
7.370597338,-5.064944865,1.616073731,5.261565724
7.368629115,-5.019901608,1.616736426,5.265397178
7.366660892,-4.974858351,1.617399121,5.269228633
7.364692669,-4.929815093,1.618061816,5.273060088
7.362724445,-4.884771836,1.618724511,5.276891542
7.360756222,-4.839728578,1.619387206,5.280722997
7.358787999,-4.794685321,1.620049901,5.284554451
7.356819776,-4.749642064,1.620712596,5.288385906
7.354851553,-4.704598806,1.621375291,5.292217361
7.352883329,-4.659555549,1.622037986,5.296048815
7.350915106,-4.614512291,1.622700681,5.29988027
7.348946883,-4.569469034,1.623363376,5.303711724
7.34697866,-4.524425777,1.624026071,5.307543179
7.345010437,-4.479382519,1.624688766,5.311374634
7.343042213,-4.434339262,1.625351461,5.315206088
7.34107399,-4.389296005,1.626014156,5.319037543
7.339105767,-4.344252747,1.626676851,5.322868998
7.337137544,-4.29920949,1.627339546,5.326700452
7.335169321,-4.254166232,1.628002241,5.330531907
7.333201097,-4.209122975,1.628664936,5.334363361
7.330974634,-4.164092891,1.629827073,5.337255153
7.328348899,-4.119083176,1.631761413,5.338694106
7.325723164,-4.074073461,1.633695753,5.340133059
7.323097429,-4.029063746,1.635630092,5.341572012
7.320471694,-3.984054031,1.637564432,5.343010966
7.317845959,-3.939044316,1.639498772,5.344449919
7.315220225,-3.894034601,1.641433112,5.345888872
7.31259449,-3.849024886,1.643367452,5.347327825
7.309968755,-3.804015171,1.645301791,5.348766778
7.30734302,-3.759005455,1.647236131,5.350205731
7.304717285,-3.71399574,1.649170471,5.351644684
7.30209155,-3.668986025,1.651104811,5.353083637
7.299465815,-3.62397631,1.653039151,5.35452259
7.29684008,-3.578966595,1.65497349,5.355961543
7.294214345,-3.53395688,1.65690783,5.357400496
7.29158861,-3.488947165,1.65884217,5.358839449
7.288962875,-3.44393745,1.66077651,5.360278402
7.28633714,-3.398927735,1.66271085,5.361717355
7.283711405,-3.353918019,1.664645189,5.363156308
7.28108567,-3.308908304,1.666579529,5.364595261
7.278459935,-3.263898589,1.668513869,5.366034214
7.2758342,-3.218888874,1.670448209,5.367473167
7.272601879,-3.173927559,1.672982399,5.367966775
7.268057037,-3.129070973,1.676814537,5.36641486
7.263512194,-3.084214387,1.680646675,5.364862945
7.258967352,-3.0393578,1.684478814,5.36331103
7.254422509,-2.994501214,1.688310952,5.361759116
7.249877666,-2.949644627,1.69214309,5.360207201
7.245332824,-2.904788041,1.695975228,5.358655286
7.240787981,-2.859931455,1.699807366,5.357103371
7.236243139,-2.815074868,1.703639504,5.355551456
7.231698296,-2.770218282,1.707471642,5.353999541
7.227153454,-2.725361695,1.711303781,5.352447626
7.222608611,-2.680505109,1.715135919,5.350895711
7.218063768,-2.635648522,1.718968057,5.349343796
7.213518926,-2.590791936,1.722800195,5.347791881
7.208974083,-2.54593535,1.726632333,5.346239966
7.204429241,-2.501078763,1.730464471,5.344688051
7.199884398,-2.456222177,1.734296609,5.343136136
7.195339556,-2.41136559,1.738128747,5.341584222
7.190794713,-2.366509004,1.741960886,5.340032307
7.18624987,-2.321652418,1.745793024,5.338480392
7.181705028,-2.276795831,1.749625162,5.336928477
7.177160185,-2.231939245,1.7534573,5.335376562
7.171703339,-2.187214223,1.757981566,5.33278914
7.163384755,-2.142902034,1.764677628,5.326952448
7.155066172,-2.098589845,1.771373689,5.321115756
7.146747588,-2.054277656,1.778069751,5.315279063
7.138429005,-2.009965467,1.784765813,5.309442371
7.130110421,-1.965653278,1.791461875,5.303605679
7.121791838,-1.921341088,1.798157936,5.297768987
7.113473255,-1.877028899,1.804853998,5.291932294
7.105154671,-1.83271671,1.81155006,5.286095602
7.096836088,-1.788404521,1.818246122,5.28025891
7.088517504,-1.744092332,1.824942183,5.274422218
7.080198921,-1.699780143,1.831638245,5.268585526
7.071880337,-1.655467953,1.838334307,5.262748833
7.063561754,-1.611155764,1.845030369,5.256912141
7.055243171,-1.566843575,1.85172643,5.251075449
7.046924587,-1.522531386,1.858422492,5.245238757
7.038606004,-1.478219197,1.865118554,5.239402065
7.03028742,-1.433907008,1.871814616,5.233565372
7.021968837,-1.389594819,1.878510677,5.22772868
7.013650253,-1.345282629,1.885206739,5.221891988
7.00533167,-1.30097044,1.891902801,5.216055296
6.997013087,-1.256658251,1.898598863,5.210218603
6.987318959,-1.212710979,1.906247929,5.203032747
6.972578441,-1.170102457,1.917393236,5.190897281
6.957837924,-1.127493936,1.928538543,5.178761816
6.943097407,-1.084885415,1.93968385,5.16662635
6.92835689,-1.042276893,1.950829157,5.154490885
6.913616373,-0.999668372,1.961974464,5.142355419
6.898875855,-0.957059851,1.973119771,5.130219954
6.884135338,-0.914451329,1.984265078,5.118084488
6.869394821,-0.871842808,1.995410385,5.105949023
6.854654304,-0.829234286,2.006555692,5.093813557
6.839913786,-0.786625765,2.017700999,5.081678092
6.825173269,-0.744017244,2.028846306,5.069542626
6.810432752,-0.701408722,2.039991613,5.05740716
6.795692235,-0.658800201,2.05113692,5.045271695
6.780951718,-0.61619168,2.062282227,5.033136229
6.7662112,-0.573583158,2.073427534,5.021000764
6.751470683,-0.530974637,2.084572841,5.008865298
6.736730166,-0.488366116,2.095718148,4.996729833
6.721989649,-0.445757594,2.106863455,4.984594367
6.707249132,-0.403149073,2.118008762,4.972458902
6.692508614,-0.360540552,2.129154069,4.960323436
6.677768097,-0.31793203,2.140299377,4.948187971
6.66099989,-0.276317329,2.152251287,4.934891163
6.636353169,-0.238564076,2.167337226,4.917082005
6.611706447,-0.200810824,2.182423165,4.899272846
6.587059726,-0.163057572,2.197509104,4.881463688
6.562413005,-0.125304319,2.212595043,4.863654529
6.537766283,-0.087551067,2.227680982,4.845845371
6.513119562,-0.049797814,2.242766921,4.828036213
6.488472841,-0.012044562,2.25785286,4.810227054
6.463826119,0.02570869,2.272938799,4.792417896
6.439179398,0.063461943,2.288024738,4.774608737
6.414532677,0.101215195,2.303110677,4.756799579
6.389885955,0.138968448,2.318196616,4.738990421
6.365239234,0.1767217,2.333282555,4.721181262
6.340592513,0.214474952,2.348368494,4.703372104
6.315945791,0.252228205,2.363454433,4.685562945
6.29129907,0.289981457,2.378540372,4.667753787
6.266652348,0.32773471,2.393626311,4.649944629
6.242005627,0.365487962,2.40871225,4.63213547
6.217358906,0.403241214,2.423798189,4.614326312
6.192712184,0.440994467,2.438884129,4.596517153
6.168065463,0.478747719,2.453970068,4.578707995
6.143418742,0.516500971,2.469056007,4.560898837
6.116189779,0.551877032,2.483772772,4.544950133
6.080599953,0.579556143,2.497294213,4.535025272
6.045010127,0.607235255,2.510815654,4.525100411
6.009420301,0.634914367,2.524337096,4.515175549
5.973830475,0.662593478,2.537858537,4.505250688
5.938240649,0.69027259,2.551379979,4.495325826
5.902650823,0.717951702,2.56490142,4.485400965
5.867060997,0.745630813,2.578422862,4.475476103
5.831471171,0.773309925,2.591944303,4.465551242
5.795881345,0.800989037,2.605465745,4.45562638
5.760291519,0.828668148,2.618987186,4.445701519
5.724701693,0.85634726,2.632508628,4.435776658
5.689111867,0.884026372,2.646030069,4.425851796
5.653522041,0.911705483,2.659551511,4.415926935
5.617932215,0.939384595,2.673072952,4.406002073
5.582342389,0.967063707,2.686594394,4.396077212
5.546752563,0.994742818,2.700115835,4.38615235
5.511162737,1.02242193,2.713637277,4.376227489
5.475572911,1.050101042,2.727158718,4.366302628
5.439983085,1.077780153,2.74068016,4.356377766
5.404393259,1.105459265,2.754201601,4.346452905
5.368803433,1.133138377,2.767723042,4.336528043
5.329827066,1.15482252,2.779216801,4.331765634
5.287749791,1.171017329,2.788853898,4.331730259
5.245672516,1.187212138,2.798490994,4.331694884
5.203595241,1.203406947,2.808128091,4.331659509
5.161517965,1.219601756,2.817765188,4.331624134
5.11944069,1.235796566,2.827402285,4.331588759
5.077363415,1.251991375,2.837039381,4.331553384
5.035286139,1.268186184,2.846676478,4.331518008
4.993208864,1.284380993,2.856313575,4.331482633
4.951131589,1.300575802,2.865950671,4.331447258
4.909054314,1.316770611,2.875587768,4.331411883
4.866977038,1.332965421,2.885224865,4.331376508
4.824899763,1.34916023,2.894861962,4.331341133
4.782822488,1.365355039,2.904499058,4.331305758
4.740745213,1.381549848,2.914136155,4.331270383
4.698667937,1.397744657,2.923773252,4.331235008
4.656590662,1.413939467,2.933410348,4.331199633
4.614513387,1.430134276,2.943047445,4.331164258
4.572436111,1.446329085,2.952684542,4.331128883
4.530358836,1.462523894,2.962321639,4.331093508
4.488281561,1.478718703,2.971958735,4.331058133
4.446204286,1.494913512,2.981595832,4.331022758
4.402195417,1.503924991,2.764923918,4.333173118
4.357670527,1.51101746,2.48779406,4.335907393
4.313145637,1.518109928,2.210664202,4.338641667
4.268620747,1.525202397,1.933534344,4.341375942
4.224095857,1.532294865,1.656404487,4.344110216
4.179570967,1.539387334,1.379274629,4.346844491
4.135046077,1.546479802,1.102144771,4.349578766
4.090521186,1.55357227,0.825014913,4.35231304
4.045996296,1.560664739,0.547885055,4.355047315
4.001471406,1.567757207,0.270755198,4.357781589
3.956946516,1.574849676,-0.00637466,4.360515864
3.912421626,1.581942144,-0.283504518,4.363250138
3.867896736,1.589034613,-0.560634376,4.365984413
3.823371846,1.596127081,-0.837764233,4.368718687
3.778846956,1.60321955,-1.114894091,4.371452962
3.734322066,1.610312018,-1.392023949,4.374187237
3.689797176,1.617404486,-1.669153807,4.376921511
3.645272286,1.624496955,-1.946283664,4.379655786
3.600747396,1.631589423,-2.223413522,4.38239006
3.556222506,1.638681892,-2.50054338,4.385124335
3.511697616,1.64577436,-2.777673238,4.387858609
3.467172726,1.652866829,-3.054803096,4.390592884
3.422262208,1.655085793,-3.137313079,4.39285876
3.377175969,1.655084036,-3.131140156,4.394911199
3.33208973,1.655082278,-3.124967233,4.396963638
3.287003491,1.655080521,-3.11879431,4.399016077
3.241917252,1.655078764,-3.112621386,4.401068517
3.196831013,1.655077007,-3.106448463,4.403120956
3.151744775,1.655075249,-3.10027554,4.405173395
3.106658536,1.655073492,-3.094102617,4.407225835
3.061572297,1.655071735,-3.087929694,4.409278274
3.016486058,1.655069978,-3.081756771,4.411330713
2.971399819,1.65506822,-3.075583848,4.413383152
2.92631358,1.655066463,-3.069410925,4.415435592
2.881227341,1.655064706,-3.063238002,4.417488031
2.836141103,1.655062949,-3.057065078,4.41954047
2.791054864,1.655061191,-3.050892155,4.42159291
2.745968625,1.655059434,-3.044719232,4.423645349
2.700882386,1.655057677,-3.038546309,4.425697788
2.655796147,1.65505592,-3.032373386,4.427750227
2.610709908,1.655054162,-3.026200463,4.429802667
2.565623669,1.655052405,-3.02002754,4.431855106
2.52053743,1.655050648,-3.013854617,4.433907545
2.475451192,1.655048891,-3.007681693,4.435959984
2.430526934,1.652699579,-3.001261408,4.437041714
2.385867729,1.646508912,-2.994436359,4.43653505
2.341208524,1.640318245,-2.987611311,4.436028385
2.296549319,1.634127577,-2.980786262,4.435521721
2.251890114,1.62793691,-2.973961213,4.435015056
2.207230909,1.621746243,-2.967136164,4.434508392
2.162571704,1.615555576,-2.960311115,4.434001728
2.1179125,1.609364909,-2.953486066,4.433495063
2.073253295,1.603174242,-2.946661017,4.432988399
2.02859409,1.596983575,-2.939835968,4.432481734
1.983934885,1.590792908,-2.933010919,4.43197507
1.93927568,1.584602241,-2.92618587,4.431468406
1.894616475,1.578411573,-2.919360821,4.430961741
1.84995727,1.572220906,-2.912535772,4.430455077
1.805298066,1.566030239,-2.905710723,4.429948412
1.760638861,1.559839572,-2.898885675,4.429441748
1.715979656,1.553648905,-2.892060626,4.428935084
1.671320451,1.547458238,-2.885235577,4.428428419
1.626661246,1.541267571,-2.878410528,4.427921755
1.582002041,1.535076904,-2.871585479,4.427415091
1.537342836,1.528886237,-2.86476043,4.426908426
1.492683631,1.522695569,-2.857935381,4.426401762
1.448478692,1.514404868,-2.85139662,4.422031574
1.405253485,1.501584946,-2.845475308,4.409328788
1.362028278,1.488765025,-2.839553995,4.396626002
1.31880307,1.475945103,-2.833632683,4.383923216
1.275577863,1.463125182,-2.827711371,4.37122043
1.232352656,1.45030526,-2.821790058,4.358517644
1.189127448,1.437485339,-2.815868746,4.345814858
1.145902241,1.424665418,-2.809947433,4.333112072
1.102677034,1.411845496,-2.804026121,4.320409286
1.059451826,1.399025575,-2.798104808,4.3077065
1.016226619,1.386205653,-2.792183496,4.295003713
0.973001411,1.373385732,-2.786262183,4.282300927
0.929776204,1.36056581,-2.780340871,4.269598141
0.886550997,1.347745889,-2.774419559,4.256895355
0.843325789,1.334925967,-2.768498246,4.244192569
0.800100582,1.322106046,-2.762576934,4.231489783
0.756875375,1.309286124,-2.756655621,4.218786997
0.713650167,1.296466203,-2.750734309,4.206084211
0.67042496,1.283646281,-2.744812996,4.193381425
0.627199752,1.27082636,-2.738891684,4.180678639
0.583974545,1.258006438,-2.732970371,4.167975853
0.540749338,1.245186517,-2.727049059,4.155273066
0.49752413,1.232366596,-2.721127746,4.14257028
0.455787482,1.215534301,-2.71263563,4.122280646
0.414659993,1.197060033,-2.703091469,4.098886264
0.373532504,1.178585765,-2.693547308,4.075491882
0.332405015,1.160111496,-2.684003148,4.0520975
0.291277526,1.141637228,-2.674458987,4.028703118
0.250150037,1.12316296,-2.664914826,4.005308736
0.209022548,1.104688691,-2.655370665,3.981914354
0.167895059,1.086214423,-2.645826505,3.958519972
0.12676757,1.067740155,-2.636282344,3.93512559
0.085640081,1.049265886,-2.626738183,3.911731208
0.044512592,1.030791618,-2.617194022,3.888336826
0.003385103,1.01231735,-2.607649862,3.864942444
-0.037742386,0.993843081,-2.598105701,3.841548062
-0.078869875,0.975368813,-2.58856154,3.818153679
-0.119997364,0.956894545,-2.579017379,3.794759297
-0.161124853,0.938420276,-2.569473219,3.771364915
-0.202252342,0.919946008,-2.559929058,3.747970533
-0.243379831,0.90147174,-2.550384897,3.724576151
-0.28450732,0.882997472,-2.540840736,3.701181769
-0.325634809,0.864523203,-2.531296575,3.677787387
-0.366762298,0.846048935,-2.521752415,3.654393005
-0.407889786,0.827574667,-2.512208254,3.630998623
-0.444950919,0.802103266,-2.440041972,3.590576874
-0.481363302,0.775515538,-2.357884912,3.547438566
-0.517775685,0.748927809,-2.275727852,3.504300259
-0.554188068,0.722340081,-2.193570793,3.461161951
-0.590600452,0.695752353,-2.111413733,3.418023644
-0.627012835,0.669164625,-2.029256673,3.374885336
-0.663425218,0.642576897,-1.947099614,3.331747029
-0.699837601,0.615989168,-1.864942554,3.288608721
-0.736249984,0.58940144,-1.782785494,3.245470413
-0.772662367,0.562813712,-1.700628435,3.202332106
-0.809074751,0.536225984,-1.618471375,3.159193798
-0.845487134,0.509638256,-1.536314315,3.116055491
-0.881899517,0.483050527,-1.454157256,3.072917183
-0.9183119,0.456462799,-1.372000196,3.029778876
-0.954724283,0.429875071,-1.289843136,2.986640568
-0.991136666,0.403287343,-1.207686077,2.943502261
-1.02754905,0.376699615,-1.125529017,2.900363953
-1.063961433,0.350111886,-1.043371957,2.857225646
-1.100373816,0.323524158,-0.961214898,2.814087338
-1.136786199,0.29693643,-0.879057838,2.770949031
-1.14967241,0.268046893,-0.809937151,2.727409763
-1.119103921,0.234905735,-0.764895675,2.683129892
-1.088535432,0.201764576,-0.719854199,2.63885002
-1.057966942,0.168623418,-0.674812723,2.594570149
-1.027398453,0.135482259,-0.629771247,2.550290277
-0.996829963,0.1023411,-0.584729771,2.506010405
-0.966261474,0.069199942,-0.539688295,2.461730534
-0.935692985,0.036058783,-0.494646819,2.417450662
-0.905124495,0.002917625,-0.449605343,2.373170791
-0.874556006,-0.030223534,-0.404563867,2.328890919
-0.843987516,-0.063364693,-0.359522391,2.284611048
-0.813419027,-0.096505851,-0.314480915,2.240331176
-0.782850538,-0.12964701,-0.269439439,2.196051304
-0.752282048,-0.162788169,-0.224397963,2.151771433
-0.721713559,-0.195929327,-0.179356487,2.107491561
-0.691145069,-0.229070486,-0.134315011,2.06321169
-0.66057658,-0.262211644,-0.089273535,2.018931818
-0.630008091,-0.295352803,-0.044232059,1.974651946
-0.599439601,-0.328493962,0.000809417,1.930372075
-0.568871112,-0.36163512,0.045850892,1.886092203
-0.533746545,-0.383186877,0.075442397,1.870422934
-0.488792608,-0.37973543,0.071701828,1.916478745
-0.443838671,-0.376283983,0.06796126,1.962534555
-0.398884734,-0.372832536,0.064220691,2.008590366
-0.353930797,-0.369381088,0.060480122,2.054646177
-0.30897686,-0.365929641,0.056739553,2.100701988
-0.264022923,-0.362478194,0.052998984,2.146757798
-0.219068987,-0.359026746,0.049258415,2.192813609
-0.17411505,-0.355575299,0.045517846,2.23886942
-0.129161113,-0.352123852,0.041777278,2.284925231
-0.084207176,-0.348672405,0.038036709,2.330981041
-0.039253239,-0.345220957,0.03429614,2.377036852
0.005700698,-0.34176951,0.030555571,2.423092663
0.050654635,-0.338318063,0.026815002,2.469148473
0.095608572,-0.334866616,0.023074433,2.515204284
0.140562509,-0.331415168,0.019333864,2.561260095
0.185516446,-0.327963721,0.015593296,2.607315906
0.230470383,-0.324512274,0.011852727,2.653371716
0.27542432,-0.321060827,0.008112158,2.699427527
0.320378257,-0.317609379,0.004371589,2.745483338
0.365332194,-0.314157932,0.00063102,2.791539149
0.410286131,-0.310706485,-0.003109549,2.837594959
0.455240068,-0.307255037,-0.006850118,2.88365077
0.500300636,-0.306889505,-0.012025615,2.910393703
0.545385591,-0.307229739,-0.017529288,2.932719663
0.590470547,-0.307569973,-0.023032962,2.955045624
0.635555502,-0.307910207,-0.028536636,2.977371585
0.680640457,-0.308250441,-0.034040309,2.999697546
0.725725412,-0.308590676,-0.039543983,3.022023506
0.770810367,-0.30893091,-0.045047657,3.044349467
0.815895322,-0.309271144,-0.05055133,3.066675428
0.860980277,-0.309611378,-0.056055004,3.089001389
0.906065232,-0.309951613,-0.061558678,3.111327349
0.951150188,-0.310291847,-0.067062351,3.13365331
0.996235143,-0.310632081,-0.072566025,3.155979271
1.041320098,-0.310972315,-0.078069699,3.178305231
1.086405053,-0.31131255,-0.083573372,3.200631192
1.131490008,-0.311652784,-0.089077046,3.222957153
1.176574963,-0.311993018,-0.09458072,3.245283114
1.221659918,-0.312333252,-0.100084393,3.267609074
1.266744873,-0.312673487,-0.105588067,3.289935035
1.311829829,-0.313013721,-0.111091741,3.312260996
1.356914784,-0.313353955,-0.116595414,3.334586956
1.401999739,-0.313694189,-0.122099088,3.356912917
1.447084694,-0.314034424,-0.127602762,3.379238878
1.491832221,-0.31934367,-0.134262153,3.384662968
1.53654928,-0.325101581,-0.141025897,3.388560948
1.581266339,-0.330859492,-0.14778964,3.392458927
1.625983399,-0.336617402,-0.154553384,3.396356906
1.670700458,-0.342375313,-0.161317128,3.400254885
1.715417518,-0.348133224,-0.168080871,3.404152864
1.760134577,-0.353891135,-0.174844615,3.408050843
1.804851636,-0.359649046,-0.181608359,3.411948822
1.849568696,-0.365406957,-0.188372102,3.415846802
1.894285755,-0.371164867,-0.195135846,3.419744781
1.939002815,-0.376922778,-0.20189959,3.42364276
1.983719874,-0.382680689,-0.208663333,3.427540739
2.028436933,-0.3884386,-0.215427077,3.431438718
2.073153993,-0.394196511,-0.222190821,3.435336697
2.117871052,-0.399954422,-0.228954564,3.439234676
2.162588112,-0.405712332,-0.235718308,3.443132655
2.207305171,-0.411470243,-0.242482052,3.447030635
2.252022231,-0.417228154,-0.249245796,3.450928614
2.29673929,-0.422986065,-0.256009539,3.454826593
2.341456349,-0.428743976,-0.262773283,3.458724572
2.386173409,-0.434501886,-0.269537027,3.462622551
2.430890468,-0.440259797,-0.27630077,3.46652053
2.475302591,-0.44748557,-0.285990255,3.467650105
2.518612997,-0.460014644,-0.306250271,3.458777597
2.561923403,-0.472543719,-0.326510287,3.449905088
2.605233808,-0.485072793,-0.346770304,3.44103258
2.648544214,-0.497601867,-0.36703032,3.432160072
2.69185462,-0.510130941,-0.387290336,3.423287563
2.735165025,-0.522660015,-0.407550352,3.414415055
2.778475431,-0.535189089,-0.427810369,3.405542547
2.821785837,-0.547718163,-0.448070385,3.396670038
2.865096242,-0.560247237,-0.468330401,3.38779753
2.908406648,-0.572776311,-0.488590417,3.378925022
2.951717054,-0.585305385,-0.508850434,3.370052513
2.99502746,-0.597834459,-0.52911045,3.361180005
3.038337865,-0.610363533,-0.549370466,3.352307497
3.081648271,-0.622892607,-0.569630482,3.343434988
3.124958677,-0.635421681,-0.589890498,3.33456248
3.168269082,-0.647950755,-0.610150515,3.325689972
3.211579488,-0.660479829,-0.630410531,3.316817463
3.254889894,-0.673008903,-0.650670547,3.307944955
3.298200299,-0.685537977,-0.670930563,3.299072447
3.341510705,-0.698067051,-0.69119058,3.290199938
3.384821111,-0.710596125,-0.711450596,3.28132743
3.428131517,-0.7231252,-0.731710612,3.272454922
3.4666706,-0.744144491,-0.780446679,3.239741316
3.49989266,-0.774625037,-0.860915639,3.180459875
3.53311472,-0.805105583,-0.941384599,3.121178434
3.566336779,-0.83558613,-1.02185356,3.061896994
3.599558839,-0.866066676,-1.10232252,3.002615553
3.632780898,-0.896547222,-1.18279148,2.943334113
3.666002958,-0.927027768,-1.26326044,2.884052672
3.699225018,-0.957508314,-1.3437294,2.824771231
3.732447077,-0.98798886,-1.424198361,2.765489791
3.765669137,-1.018469406,-1.504667321,2.70620835
3.798891196,-1.048949953,-1.585136281,2.64692691
3.832113256,-1.079430499,-1.665605241,2.587645469
3.865335316,-1.109911045,-1.746074201,2.528364028
3.898557375,-1.140391591,-1.826543162,2.469082588
3.931779435,-1.170872137,-1.907012122,2.409801147
3.965001495,-1.201352683,-1.987481082,2.350519707
3.998223554,-1.23183323,-2.067950042,2.291238266
4.031445614,-1.262313776,-2.148419003,2.231956825
4.064667673,-1.292794322,-2.228887963,2.172675385
4.097889733,-1.323274868,-2.309356923,2.113393944
4.114693593,-1.353997924,-2.372896493,2.078125161
4.082386275,-1.385446392,-2.385795775,2.114684588
4.050078957,-1.41689486,-2.398695058,2.151244015
4.017771639,-1.448343328,-2.411594341,2.187803442
3.985464321,-1.479791796,-2.424493623,2.224362869
3.953157003,-1.511240264,-2.437392906,2.260922296
3.920849684,-1.542688732,-2.450292188,2.297481723
3.888542366,-1.574137199,-2.463191471,2.33404115
3.856235048,-1.605585667,-2.476090754,2.370600578
3.82392773,-1.637034135,-2.488990036,2.407160005
3.791620412,-1.668482603,-2.501889319,2.443719432
3.759313094,-1.699931071,-2.514788602,2.480278859
3.727005775,-1.731379539,-2.527687884,2.516838286
3.694698457,-1.762828007,-2.540587167,2.553397713
3.662391139,-1.794276475,-2.55348645,2.58995714
3.630083821,-1.825724943,-2.566385732,2.626516567
3.597776503,-1.85717341,-2.579285015,2.663075995
3.565469185,-1.888621878,-2.592184298,2.699635422
3.533161867,-1.920070346,-2.60508358,2.736194849
3.500854548,-1.951518814,-2.617982863,2.772754276
3.466519988,-1.980262611,-2.628268165,2.803902457
3.427270157,-2.002448636,-2.632215583,2.821930481
3.388020326,-2.024634661,-2.636163002,2.839958505
3.348770495,-2.046820686,-2.640110421,2.857986529
3.309520664,-2.069006711,-2.64405784,2.876014553
3.270270834,-2.091192737,-2.648005259,2.894042577
3.231021003,-2.113378762,-2.651952678,2.912070601
3.191771172,-2.135564787,-2.655900096,2.930098625
3.152521341,-2.157750812,-2.659847515,2.948126649
3.11327151,-2.179936837,-2.663794934,2.966154673
3.074021679,-2.202122863,-2.667742353,2.984182697
3.034771848,-2.224308888,-2.671689772,3.002210721
2.995522017,-2.246494913,-2.675637191,3.020238745
2.956272186,-2.268680938,-2.67958461,3.038266769
2.917022356,-2.290866963,-2.683532028,3.056294793
2.877772525,-2.313052989,-2.687479447,3.074322817
2.838522694,-2.335239014,-2.691426866,3.092350841
2.799272863,-2.357425039,-2.695374285,3.110378865
2.760023032,-2.379611064,-2.699321704,3.128406889
2.720773201,-2.401797089,-2.703269123,3.146434913
2.68152337,-2.423983114,-2.707216542,3.164462937
2.642273539,-2.44616914,-2.71116396,3.182490961
2.603023708,-2.468355165,-2.715111379,3.200518985
2.562991855,-2.488999169,-2.717200079,3.219409499
2.521901898,-2.507556766,-2.716773869,3.239466991
2.480811942,-2.526114363,-2.716347659,3.259524483
2.439721986,-2.544671961,-2.715921449,3.279581975
2.398632029,-2.563229558,-2.71549524,3.299639467
2.357542073,-2.581787155,-2.71506903,3.319696959
2.316452116,-2.600344752,-2.71464282,3.339754451
2.27536216,-2.61890235,-2.71421661,3.359811943
2.234272203,-2.637459947,-2.7137904,3.379869435
2.193182247,-2.656017544,-2.71336419,3.399926927
2.15209229,-2.674575142,-2.712937981,3.419984419
2.111002334,-2.693132739,-2.712511771,3.440041911
2.069912377,-2.711690336,-2.712085561,3.460099403
2.028822421,-2.730247933,-2.711659351,3.480156895
1.987732464,-2.748805531,-2.711233141,3.500214387
1.946642508,-2.767363128,-2.710806931,3.520271879
1.905552552,-2.785920725,-2.710380722,3.540329371
1.864462595,-2.804478322,-2.709954512,3.560386863
1.823372639,-2.82303592,-2.709528302,3.580444355
1.782282682,-2.841593517,-2.709102092,3.600501847
1.741192726,-2.860151114,-2.708675882,3.620559339
1.700102769,-2.878708712,-2.708249672,3.640616831
1.659012813,-2.897266309,-2.707823463,3.660674323
1.61808466,-2.916177634,-2.702419838,3.680895827
1.577174766,-2.935128873,-2.696454567,3.701135838
1.536264871,-2.954080112,-2.690489296,3.721375848
1.495354977,-2.973031351,-2.684524026,3.741615859
1.454445082,-2.99198259,-2.678558755,3.761855869
1.413535188,-3.010933829,-2.672593484,3.78209588
1.372625293,-3.029885068,-2.666628213,3.802335891
1.331715398,-3.048836308,-2.660662943,3.822575901
1.290805504,-3.067787547,-2.654697672,3.842815912
1.249895609,-3.086738786,-2.648732401,3.863055922
1.208985715,-3.105690025,-2.64276713,3.883295933
1.16807582,-3.124641264,-2.63680186,3.903535944
1.127165926,-3.143592503,-2.630836589,3.923775954
1.086256031,-3.162543742,-2.624871318,3.944015965
1.045346136,-3.181494982,-2.618906047,3.964255975
1.004436242,-3.200446221,-2.612940776,3.984495986
0.963526347,-3.21939746,-2.606975506,4.004735997
0.922616453,-3.238348699,-2.601010235,4.024976007
0.881706558,-3.257299938,-2.595044964,4.045216018
0.840796664,-3.276251177,-2.589079693,4.065456028
0.799886769,-3.295202416,-2.583114423,4.085696039
0.759258053,-3.314669785,-2.576363789,4.104657106
0.721150874,-3.338765674,-2.562570217,4.112148926
0.683043696,-3.362861564,-2.548776646,4.119640746
0.644936517,-3.386957453,-2.534983074,4.127132566
0.606829339,-3.411053343,-2.521189503,4.134624386
0.56872216,-3.435149232,-2.507395931,4.142116206
0.530614982,-3.459245121,-2.493602359,4.149608027
0.492507803,-3.483341011,-2.479808788,4.157099847
0.454400625,-3.5074369,-2.466015216,4.164591667
0.416293446,-3.531532789,-2.452221645,4.172083487
0.378186268,-3.555628679,-2.438428073,4.179575307
0.340079089,-3.579724568,-2.424634501,4.187067127
0.301971911,-3.603820458,-2.41084093,4.194558947
0.263864732,-3.627916347,-2.397047358,4.202050767
0.225757554,-3.652012236,-2.383253786,4.209542587
0.187650375,-3.676108126,-2.369460215,4.217034407
0.149543197,-3.700204015,-2.355666643,4.224526228
0.111436018,-3.724299904,-2.341873072,4.232018048
0.07332884,-3.748395794,-2.3280795,4.239509868
0.035221661,-3.772491683,-2.314285928,4.247001688
-0.002885517,-3.796587573,-2.300492357,4.254493508
-0.040992696,-3.820683462,-2.286698785,4.261985328
-0.079099874,-3.844779351,-2.272905214,4.269477148
-0.111077775,-3.875884215,-2.261902607,4.273363564
-0.14003887,-3.910438866,-2.252273701,4.275475414
-0.168999965,-3.944993516,-2.242644795,4.277587265
-0.19796106,-3.979548167,-2.233015889,4.279699116
-0.226922156,-4.014102818,-2.223386984,4.281810966
-0.255883251,-4.048657469,-2.213758078,4.283922817
-0.284844346,-4.08321212,-2.204129172,4.286034668
-0.313805441,-4.117766771,-2.194500266,4.288146518
-0.342766537,-4.152321422,-2.18487136,4.290258369
-0.371727632,-4.186876073,-2.175242455,4.29237022
-0.400688727,-4.221430724,-2.165613549,4.29448207
-0.429649823,-4.255985375,-2.155984643,4.296593921
-0.458610918,-4.290540026,-2.146355737,4.298705771
-0.487572013,-4.325094677,-2.136726832,4.300817622
-0.516533108,-4.359649327,-2.127097926,4.302929473
-0.545494204,-4.394203978,-2.11746902,4.305041323
-0.574455299,-4.428758629,-2.107840114,4.307153174
-0.603416394,-4.46331328,-2.098211209,4.309265025
-0.632377489,-4.497867931,-2.088582303,4.311376875
-0.661338585,-4.532422582,-2.078953397,4.313488726
-0.69029968,-4.566977233,-2.069324491,4.315600577
-0.717267852,-4.602879219,-2.0610136,4.318667833
-0.738542105,-4.642630636,-2.056468368,4.324464751
-0.759816357,-4.682382052,-2.051923137,4.330261668
-0.78109061,-4.722133469,-2.047377905,4.336058586
-0.802364862,-4.761884885,-2.042832673,4.341855503
-0.823639115,-4.801636302,-2.038287442,4.347652421
-0.844913367,-4.841387718,-2.03374221,4.353449338
-0.86618762,-4.881139135,-2.029196978,4.359246256
-0.887461872,-4.920890552,-2.024651746,4.365043173
-0.908736125,-4.960641968,-2.020106515,4.370840091
-0.930010377,-5.000393385,-2.015561283,4.376637008
-0.95128463,-5.040144801,-2.011016051,4.382433925
-0.972558883,-5.079896218,-2.00647082,4.388230843
-0.993833135,-5.119647634,-2.001925588,4.39402776
-1.015107388,-5.159399051,-1.997380356,4.399824678
-1.03638164,-5.199150467,-1.992835124,4.405621595
-1.057655893,-5.238901884,-1.988289893,4.411418513
-1.078930145,-5.2786533,-1.983744661,4.41721543
-1.100204398,-5.318404717,-1.979199429,4.423012348
-1.12147865,-5.358156134,-1.974654198,4.428809265
-1.142752903,-5.39790755,-1.970108966,4.434606183
-1.164027155,-5.437658967,-1.965563734,4.4404031
-1.182845274,-5.478573296,-1.961919113,4.446460855
-1.200111888,-5.520222222,-1.958843394,4.452683377
-1.217378503,-5.561871147,-1.955767675,4.458905899
-1.234645117,-5.603520072,-1.952691956,4.46512842
-1.251911732,-5.645168997,-1.949616237,4.471350942
-1.269178346,-5.686817922,-1.946540518,4.477573464
-1.286444961,-5.728466847,-1.943464798,4.483795986
-1.303711575,-5.770115772,-1.940389079,4.490018507
-1.32097819,-5.811764697,-1.93731336,4.496241029
-1.338244804,-5.853413622,-1.934237641,4.502463551
-1.355511419,-5.895062547,-1.931161922,4.508686073
-1.372778033,-5.936711473,-1.928086203,4.514908594
-1.390044648,-5.978360398,-1.925010484,4.521131116
-1.407311262,-6.020009323,-1.921934765,4.527353638
-1.424577877,-6.061658248,-1.918859046,4.53357616
-1.441844491,-6.103307173,-1.915783327,4.539798681
-1.459111106,-6.144956098,-1.912707608,4.546021203
-1.47637772,-6.186605023,-1.909631889,4.552243725
-1.493644335,-6.228253948,-1.90655617,4.558466247
-1.510910949,-6.269902873,-1.903480451,4.564688769
-1.528177564,-6.311551799,-1.900404732,4.57091129
-1.545444178,-6.353200724,-1.897329013,4.577133812
-1.561548629,-6.395285568,-1.89445809,4.583191442
-1.575932104,-6.438015939,-1.891890437,4.589004893
-1.59031558,-6.48074631,-1.889322785,4.594818344
-1.604699055,-6.52347668,-1.886755132,4.600631795
-1.61908253,-6.566207051,-1.88418748,4.606445246
-1.633466005,-6.608937422,-1.881619827,4.612258697
-1.64784948,-6.651667792,-1.879052175,4.618072147
-1.662232956,-6.694398163,-1.876484522,4.623885598
-1.676616431,-6.737128534,-1.87391687,4.629699049
-1.690999906,-6.779858905,-1.871349217,4.6355125
-1.705383381,-6.822589275,-1.868781565,4.641325951
-1.719766856,-6.865319646,-1.866213912,4.647139402
-1.734150331,-6.908050017,-1.863646259,4.652952853
-1.748533807,-6.950780387,-1.861078607,4.658766304
-1.762917282,-6.993510758,-1.858510954,4.664579755
-1.777300757,-7.036241129,-1.855943302,4.670393206
-1.791684232,-7.078971499,-1.853375649,4.676206657
-1.806067707,-7.12170187,-1.850807997,4.682020108
-1.820451182,-7.164432241,-1.848240344,4.687833559
-1.834834658,-7.207162612,-1.845672692,4.69364701
-1.849218133,-7.249892982,-1.843105039,4.699460461
-1.863601608,-7.292623353,-1.840537387,4.705273912
-1.877568285,-7.335480899,-1.83797894,4.71094114
-1.889490237,-7.378962344,-1.835465654,4.715891027
-1.901412188,-7.422443788,-1.832952369,4.720840913
-1.91333414,-7.465925233,-1.830439083,4.7257908
-1.925256091,-7.509406677,-1.827925798,4.730740687
-1.937178043,-7.552888122,-1.825412512,4.735690574
-1.949099994,-7.596369566,-1.822899226,4.74064046
-1.961021946,-7.639851011,-1.820385941,4.745590347
-1.972943897,-7.683332455,-1.817872655,4.750540234
-1.984865849,-7.726813899,-1.81535937,4.755490121
-1.9967878,-7.770295344,-1.812846084,4.760440007
-2.008709752,-7.813776788,-1.810332799,4.765389894
-2.020631703,-7.857258233,-1.807819513,4.770339781
-2.032553655,-7.900739677,-1.805306228,4.775289668
-2.044475606,-7.944221122,-1.802792942,4.780239554
-2.056397557,-7.987702566,-1.800279657,4.785189441
-2.068319509,-8.031184011,-1.797766371,4.790139328
-2.08024146,-8.074665455,-1.795253086,4.795089215
-2.092163412,-8.1181469,-1.7927398,4.800039101
-2.104085363,-8.161628344,-1.790226514,4.804988988
-2.116007315,-8.205109788,-1.787713229,4.809938875
-2.127929266,-8.248591233,-1.785199943,4.814888762
-2.139704752,-8.292108493,-1.78265933,4.81974821
-2.149193431,-8.336184948,-1.779692047,4.823195622
-2.158682111,-8.380261403,-1.776724763,4.826643034
-2.168170791,-8.424337858,-1.773757479,4.830090446
-2.17765947,-8.468414313,-1.770790196,4.833537858
-2.18714815,-8.512490768,-1.767822912,4.83698527
-2.19663683,-8.556567224,-1.764855629,4.840432681
-2.206125509,-8.600643679,-1.761888345,4.843880093
-2.215614189,-8.644720134,-1.758921061,4.847327505
-2.225102869,-8.688796589,-1.755953778,4.850774917
-2.234591548,-8.732873044,-1.752986494,4.854222329
-2.244080228,-8.776949499,-1.75001921,4.857669741
-2.253568908,-8.821025954,-1.747051927,4.861117153
-2.263057587,-8.86510241,-1.744084643,4.864564565
-2.272546267,-8.909178865,-1.741117359,4.868011977
-2.282034947,-8.95325532,-1.738150076,4.871459389
-2.291523626,-8.997331775,-1.735182792,4.874906801
-2.301012306,-9.04140823,-1.732215508,4.878354212
-2.310500985,-9.085484685,-1.729248225,4.881801624
-2.319989665,-9.12956114,-1.726280941,4.885249036
-2.329478345,-9.173637596,-1.723313658,4.888696448
-2.338967024,-9.217714051,-1.720346374,4.89214386
-2.348453622,-9.261790883,-1.717378411,4.89558996
-2.355038941,-9.306393602,-1.713464201,4.897207815
-2.36162426,-9.35099632,-1.709549991,4.89882567
-2.368209579,-9.395599039,-1.705635781,4.900443524
-2.374794898,-9.440201758,-1.701721571,4.902061379
-2.381380217,-9.484804477,-1.697807361,4.903679234
-2.387965536,-9.529407195,-1.693893151,4.905297089
-2.394550855,-9.574009914,-1.689978941,4.906914944
-2.401136173,-9.618612633,-1.686064731,4.908532798
-2.407721492,-9.663215351,-1.682150521,4.910150653
-2.414306811,-9.70781807,-1.67823631,4.911768508
-2.42089213,-9.752420789,-1.6743221,4.913386363
-2.427477449,-9.797023507,-1.67040789,4.915004218
-2.434062768,-9.841626226,-1.66649368,4.916622072
-2.440648087,-9.886228945,-1.66257947,4.918239927
-2.447233406,-9.930831663,-1.65866526,4.919857782
-2.453818725,-9.975434382,-1.65475105,4.921475637
-2.460404044,-10.0200371,-1.65083684,4.923093492
-2.466989363,-10.06463982,-1.64692263,4.924711346
-2.473574682,-10.10924254,-1.64300842,4.926329201
-2.48016,-10.15384526,-1.63909421,4.927947056
-2.486745319,-10.19844798,-1.63518,4.929564911
-2.493330638,-10.24305069,-1.631265789,4.931182766
-2.496757884,-10.28798035,-1.625887731,4.930658431
-2.499449274,-10.33298619,-1.620168584,4.929634949
-2.502140664,-10.37799203,-1.614449437,4.928611467
-2.504832054,-10.42299786,-1.608730291,4.927587985
-2.507523444,-10.4680037,-1.603011144,4.926564503
-2.510214833,-10.51300954,-1.597291997,4.925541022
-2.512906223,-10.55801537,-1.591572851,4.92451754
-2.515597613,-10.60302121,-1.585853704,4.923494058
-2.518289003,-10.64802705,-1.580134557,4.922470576
-2.520980393,-10.69303288,-1.57441541,4.921447094
-2.523671783,-10.73803872,-1.568696264,4.920423612
-2.526363173,-10.78304456,-1.562977117,4.919400131
-2.529054563,-10.82805039,-1.55725797,4.918376649
-2.531745953,-10.87305623,-1.551538823,4.917353167
-2.534437342,-10.91806207,-1.545819677,4.916329685
-2.537128732,-10.96306791,-1.54010053,4.915306203
-2.539820122,-11.00807374,-1.534381383,4.914282721
-2.542511512,-11.05307958,-1.528662236,4.91325924
-2.545202902,-11.09808542,-1.52294309,4.912235758
-2.547894292,-11.14309125,-1.517223943,4.911212276
-2.550585682,-11.18809709,-1.511504796,4.910188794
-2.553277072,-11.23310293,-1.505785649,4.909165312
-2.551932007,-11.27809474,-1.49767989,4.905040241
-2.548928041,-11.3230808,-1.488593281,4.899640478
-2.545924075,-11.36806685,-1.479506672,4.894240715
-2.542920109,-11.41305291,-1.470420063,4.888840952
-2.539916143,-11.45803896,-1.461333454,4.883441189
-2.536912177,-11.50302502,-1.452246845,4.878041426
-2.533908211,-11.54801107,-1.443160235,4.872641663
-2.530904245,-11.59299713,-1.434073626,4.8672419
-2.527900279,-11.63798318,-1.424987017,4.861842137
-2.524896313,-11.68296924,-1.415900408,4.856442374
-2.521892347,-11.72795529,-1.406813799,4.851042612
-2.518888381,-11.77294135,-1.39772719,4.845642849
-2.515884415,-11.8179274,-1.388640581,4.840243086
-2.512880449,-11.86291346,-1.379553972,4.834843323
-2.509876483,-11.90789951,-1.370467362,4.82944356
-2.506872517,-11.95288557,-1.361380753,4.824043797
-2.503868551,-11.99787162,-1.352294144,4.818644034
-2.500864585,-12.04285768,-1.343207535,4.813244271
-2.497860619,-12.08784373,-1.334120926,4.807844508
-2.494856653,-12.13282979,-1.325034317,4.802444745
-2.491852687,-12.17781584,-1.315947708,4.797044982
-2.488848721,-12.2228019,-1.306861099,4.791645219
-2.47898658,-12.26663661,-1.293442096,4.779454432
-2.467135527,-12.31013743,-1.278766673,4.765294208
-2.455284474,-12.35363826,-1.26409125,4.751133984
-2.443433422,-12.39713908,-1.249415827,4.736973759
-2.431582369,-12.4406399,-1.234740404,4.722813535
-2.419731316,-12.48414072,-1.220064982,4.708653311
-2.407880263,-12.52764154,-1.205389559,4.694493086
-2.396029211,-12.57114236,-1.190714136,4.680332862
-2.384178158,-12.61464319,-1.176038713,4.666172638
-2.372327105,-12.65814401,-1.16136329,4.652012413
-2.360476052,-12.70164483,-1.146687868,4.637852189
-2.348625,-12.74514565,-1.132012445,4.623691965
-2.336773947,-12.78864647,-1.117337022,4.60953174
-2.324922894,-12.83214729,-1.102661599,4.595371516
-2.313071842,-12.87564812,-1.087986176,4.581211292
-2.301220789,-12.91914894,-1.073310754,4.567051067
-2.289369736,-12.96264976,-1.058635331,4.552890843
-2.277518683,-13.00615058,-1.043959908,4.538730619
-2.265667631,-13.0496514,-1.029284485,4.524570394
-2.253816578,-13.09315222,-1.014609062,4.51041017
-2.241965525,-13.13665305,-0.999933639,4.496249946
-2.230114472,-13.18015387,-0.985258217,4.482089721
-2.20655434,-13.21833348,-0.983674808,4.459266657
-2.181578057,-13.25586952,-0.983674808,4.435395868
-2.156601774,-13.29340556,-0.983674808,4.41152508
-2.131625491,-13.3309416,-0.983674808,4.387654291
-2.106649208,-13.36847763,-0.983674808,4.363783503
-2.081672926,-13.40601367,-0.983674808,4.339912715
-2.056696643,-13.44354971,-0.983674808,4.316041926
-2.03172036,-13.48108575,-0.983674808,4.292171138
-2.006744077,-13.51862179,-0.983674808,4.268300349
-1.981767794,-13.55615783,-0.983674808,4.244429561
-1.956791511,-13.59369387,-0.983674808,4.220558773
-1.931815228,-13.63122991,-0.983674808,4.196687984
-1.906838946,-13.66876595,-0.983674808,4.172817196
-1.881862663,-13.70630199,-0.983674808,4.148946407
-1.85688638,-13.74383803,-0.983674808,4.125075619
-1.831910097,-13.78137407,-0.983674808,4.10120483
-1.806933814,-13.8189101,-0.983674808,4.077334042
-1.781957531,-13.85644614,-0.983674808,4.053463254
-1.756981249,-13.89398218,-0.983674808,4.029592465
-1.732004966,-13.93151822,-0.983674808,4.005721677
-1.707028683,-13.96905426,-0.983674808,3.981850888
-1.6820524,-14.0065903,-0.983674808,3.9579801
