# x_m,y_m,w_tr_right_m,w_tr_left_m
0,-0.3,1.3946,1.3946
0.05,-0.3,1.3829,1.3829
0.1,-0.3,1.373,1.373
0.15,-0.3,1.3647,1.3647
0.2,-0.3,1.3583,1.3583
0.25,-0.3,1.3537,1.3537
0.3,-0.3,1.3509,1.3509
0.35,-0.3,1.35,1.35
0.4,-0.3,1.35,1.35
0.45,-0.25,1.4,1.4
0.5,-0.25,1.4,1.4
0.55,-0.25,1.4,1.4
0.6,-0.25,1.4,1.4
0.65,-0.25,1.3946,1.3946
0.7,-0.25,1.3829,1.3829
0.75,-0.25,1.373,1.373
0.8,-0.25,1.3647,1.3647
0.85,-0.2,1.4,1.4
0.9,-0.2,1.4,1.4
0.95,-0.2,1.4009,1.4009
1,-0.2,1.4,1.4
1.05,-0.2,1.4,1.4
1.1,-0.2,1.4,1.4
1.15,-0.15,1.373,1.373
1.2,-0.15,1.3829,1.3829
1.25,-0.15,1.3946,1.3946
1.3,-0.15,1.4,1.4
1.35,-0.15,1.4,1.4
1.4,-0.15,1.4,1.4
1.45,-0.15,1.4009,1.4009
1.5,-0.15,1.4036,1.4036
1.55,-0.15,1.4036,1.4036
1.6,-0.15,1.4009,1.4009
1.65,-0.1,1.373,1.373
1.7,-0.1,1.3829,1.3829
1.75,-0.1,1.3946,1.3946
1.8,-0.1,1.4,1.4
1.85,-0.1,1.4,1.4
1.9,-0.1,1.3946,1.3946
1.95,-0.1,1.3829,1.3829
2,-0.1,1.373,1.373
2.05,-0.1,1.3647,1.3647
2.1,-0.1,1.3583,1.3583
2.15,-0.1,1.3537,1.3537
2.2,-0.1,1.3509,1.3509
2.25,-0.1,1.3463,1.3463
2.3,-0.1,1.3342,1.3342
2.35,-0.1,1.3238,1.3238
2.4,-0.1,1.3153,1.3153
2.45,-0.1,1.3086,1.3086
2.5,-0.05,1.3537,1.3537
2.55,-0.05,1.3509,1.3509
2.6,-0.05,1.35,1.35
2.65,-0.05,1.35,1.35
2.7,-0.05,1.35,1.35
2.75,-0.05,1.3509,1.3509
2.8,-0.05,1.3537,1.3537
2.85,-0.05,1.3583,1.3583
2.9,-0.05,1.3647,1.3647
2.95,-0.05,1.373,1.373
3,-0.05,1.3829,1.3829
3.05,-0.05,1.3946,1.3946
3.1,0,1.4009,1.4009
3.15,0,1.4036,1.4036
3.2,0,1.408,1.408
3.25,0,1.408,1.408
3.3,0,1.4036,1.4036
3.35,0,1.3946,1.3946
3.4,0,1.3829,1.3829
3.45,0,1.373,1.373
3.5,0,1.3647,1.3647
3.55,0,1.3583,1.3583
3.6,0,1.3537,1.3537
3.65,0,1.3509,1.3509
3.7,0,1.35,1.35
3.75,0,1.35,1.35
3.8,0,1.35,1.35
3.85,0.05,1.4,1.4
3.9,0.05,1.4,1.4
3.95,0.05,1.4,1.4
4,0.05,1.4,1.4
4.05,0.05,1.4,1.4
4.1,0.05,1.4,1.4
4.15,0.05,1.4009,1.4009
4.2,0.05,1.4,1.4
4.25,0.05,1.4,1.4
4.3,0.1,1.4009,1.4009
4.35,0.1,1.4036,1.4036
4.4,0.1,1.408,1.408
4.45,0.1,1.4142,1.4142
4.5,0.1,1.4221,1.4221
4.55,0.1,1.4221,1.4221
4.6,0.1,1.4142,1.4142
4.65,0.1,1.408,1.408
4.7,0.1,1.4036,1.4036
4.75,0.1,1.4009,1.4009
4.8,0.1,1.4,1.4
4.85,0.1,1.4,1.4
4.9,0.15,1.45,1.45
4.95,0.15,1.45,1.45
5,0.15,1.45,1.45
5.05,0.15,1.45,1.45
5.1,0.15,1.4431,1.4431
5.15,0.15,1.4318,1.4318
5.2,0.15,1.4221,1.4221
5.25,0.15,1.4142,1.4142
5.3,0.15,1.408,1.408
5.35,0.15,1.4036,1.4036
5.4,0.15,1.4009,1.4009
5.45,0.15,1.4,1.4
5.5,0.2,1.45,1.45
5.55,0.2,1.45,1.45
5.6,0.2,1.45,1.45
5.65,0.2,1.45,1.45
5.7,0.2,1.45,1.45
5.75,0.2,1.4431,1.4431
5.8,0.2,1.4318,1.4318
5.85,0.2,1.4221,1.4221
5.9,0.2,1.4142,1.4142
5.95,0.2,1.408,1.408
6,0.2,1.4036,1.4036
6.05,0.2,1.4009,1.4009
6.1,0.25,1.45,1.45
6.15,0.25,1.45,1.45
6.2,0.25,1.45,1.45
6.25,0.25,1.45,1.45
6.3,0.25,1.45,1.45
6.35,0.25,1.4431,1.4431
6.4,0.25,1.4318,1.4318
6.45,0.25,1.4221,1.4221
6.5,0.25,1.4142,1.4142
6.55,0.25,1.408,1.408
6.6,0.25,1.4036,1.4036
6.65,0.25,1.4009,1.4009
6.7,0.3,1.45,1.45
6.75,0.3,1.45,1.45
6.8,0.3,1.45,1.45
6.85,0.3,1.45,1.45
6.9,0.3,1.45,1.45
6.95,0.3,1.45,1.45
7,0.3,1.4431,1.4431
7.05,0.35,1.4142,1.4142
7.1,0.35,1.408,1.408
7.15,0.4,1.3537,1.3537
7.2,0.4,1.3509,1.3509
7.25,0.4,1.35,1.35
7.3,0.45,1.3,1.3
7.35,0.45,1.3,1.3
7.4,0.45,1.3,1.3
7.45,0.5,1.25,1.25
7.5,0.5,1.251,1.251
7.55,0.5,1.251,1.251
7.6,0.5,1.25,1.25
7.65,0.55,1.201,1.201
7.7,0.55,1.2,1.2
7.75,0.55,1.201,1.201
7.8,0.6,1.1543,1.1543
7.85,0.6,1.1597,1.1597
7.9,0.6,1.1673,1.1673
7.95,0.65,1.1281,1.1281
8,0.65,1.1402,1.1402
8.05,0.65,1.1511,1.1511
8.1,0.7,1.1045,1.1045
8.15,0.7,1.1102,1.1102
8.2,0.7,1.118,1.118
8.25,0.75,1.0794,1.0794
8.3,0.75,1.092,1.092
8.35,0.75,1.1,1.1
8.4,0.8,1.0512,1.0512
8.45,0.8,1.0548,1.0548
8.5,0.8,1.0607,1.0607
8.55,0.85,1.0198,1.0198
8.6,0.9,0.9823,0.9823
8.65,0.9,0.9962,0.9962
8.7,0.9,1.0124,1.0124
8.75,0.95,0.9823,0.9823
8.8,1,0.9487,0.9487
8.85,1,0.9657,0.9657
8.9,1,0.9849,0.9849
8.95,1.05,0.9618,0.9618
9,1.05,0.9823,0.9823
9.05,1.1,0.9487,0.9487
9.1,1.15,0.9192,0.9192
9.15,1.15,0.9394,0.9394
9.2,1.2,0.9124,0.9124
9.25,1.25,0.8732,0.8732
9.3,1.25,0.886,0.886
9.35,1.3,0.8544,0.8544
9.4,1.3,0.8732,0.8732
9.45,1.35,0.85,0.85
9.5,1.4,0.8322,0.8322
9.55,1.4,0.8602,0.8602
9.6,1.45,0.8515,0.8515
9.65,1.5,0.8485,0.8485
9.7,1.55,0.8485,0.8485
9.75,1.6,0.8485,0.8485
9.8,1.65,0.8515,0.8515
9.85,1.7,0.8602,0.8602
9.9,1.75,0.85,0.85
9.9,1.8,0.85,0.85
9.9,1.85,0.8276,0.8276
9.95,1.9,0.8,0.8
10,1.95,0.75,0.75
10,2,0.75,0.75
10,2.05,0.75,0.75
10,2.1,0.75,0.75
10,2.15,0.75,0.75
10,2.2,0.75,0.75
10,2.25,0.75,0.75
10,2.3,0.75,0.75
10,2.35,0.75,0.75
10,2.4,0.75,0.75
10,2.45,0.75,0.75
10,2.5,0.75,0.75
10,2.55,0.75,0.75
10,2.6,0.75,0.75
10,2.65,0.75,0.75
10,2.7,0.75,0.75
10,2.75,0.75,0.75
10,2.8,0.75,0.75
10,2.85,0.75,0.75
10,2.9,0.75,0.75
10,2.95,0.75,0.75
10,3,0.75,0.75
10,3.05,0.75,0.75
10,3.1,0.75,0.75
10,3.15,0.75,0.75
10,3.2,0.75,0.75
10,3.25,0.75,0.75
10,3.3,0.75,0.75
10,3.35,0.75,0.75
10,3.4,0.75,0.75
10,3.45,0.75,0.75
10,3.5,0.75,0.75
10,3.55,0.75,0.75
10,3.6,0.75,0.75
10,3.65,0.75,0.75
10,3.7,0.75,0.75
10,3.75,0.75,0.75
10,3.8,0.75,0.75
9.95,3.85,0.8,0.8
9.95,3.9,0.8,0.8
9.95,3.95,0.8,0.8
9.95,4,0.8,0.8
9.95,4.05,0.8,0.8
9.95,4.1,0.8,0.8
9.95,4.15,0.8,0.8
9.9,4.2,0.8016,0.8016
9.9,4.25,0.8062,0.8062
9.9,4.3,0.8139,0.8139
9.9,4.35,0.8062,0.8062
9.9,4.4,0.8016,0.8016
9.9,4.45,0.8,0.8
9.9,4.5,0.8,0.8
9.85,4.55,0.8382,0.8382
9.85,4.6,0.85,0.85
9.85,4.65,0.85,0.85
9.85,4.7,0.85,0.85
9.85,4.75,0.85,0.85
9.85,4.8,0.85,0.85
9.85,4.85,0.85,0.85
9.85,4.9,0.85,0.85
9.85,4.95,0.8382,0.8382
9.85,5,0.8246,0.8246
9.8,5.05,0.8,0.8
9.8,5.1,0.8,0.8
9.8,5.15,0.8,0.8
9.8,5.2,0.8016,0.8016
9.8,5.25,0.8062,0.8062
9.8,5.3,0.8139,0.8139
9.8,5.35,0.8246,0.8246
9.8,5.4,0.8382,0.8382
9.8,5.45,0.85,0.85
9.8,5.5,0.85,0.85
9.8,5.55,0.85,0.85
9.8,5.6,0.85,0.85
9.8,5.65,0.85,0.85
9.8,5.7,0.8382,0.8382
9.8,5.75,0.8246,0.8246
9.8,5.8,0.8139,0.8139
9.8,5.85,0.8062,0.8062
9.75,5.9,0.8,0.8
9.75,5.95,0.8,0.8
9.75,6,0.8,0.8
9.75,6.05,0.8,0.8
9.75,6.1,0.8,0.8
9.75,6.15,0.8,0.8
9.75,6.2,0.8016,0.8016
9.75,6.25,0.8062,0.8062
9.75,6.3,0.8139,0.8139
9.75,6.35,0.8246,0.8246
9.75,6.4,0.8382,0.8382
9.75,6.45,0.8246,0.8246
9.7,6.5,0.8,0.8
9.7,6.55,0.8,0.8
9.7,6.6,0.8,0.8
9.7,6.65,0.8,0.8
9.7,6.7,0.8016,0.8016
9.7,6.75,0.8062,0.8062
9.7,6.8,0.8139,0.8139
9.65,6.85,0.7762,0.7762
9.65,6.9,0.7906,0.7906
9.65,6.95,0.8,0.8
9.65,7,0.8,0.8
9.65,7.05,0.8016,0.8016
9.65,7.1,0.8062,0.8062
9.65,7.15,0.8139,0.8139
9.65,7.2,0.8246,0.8246
9.65,7.25,0.8382,0.8382
9.65,7.3,0.8246,0.8246
9.6,7.35,0.8,0.8
9.6,7.4,0.8,0.8
9.6,7.45,0.8,0.8
9.6,7.5,0.8,0.8
9.6,7.55,0.8016,0.8016
9.6,7.6,0.8,0.8
9.6,7.65,0.8,0.8
9.6,7.7,0.8,0.8
9.6,7.75,0.8,0.8
9.6,7.8,0.8,0.8
9.6,7.85,0.8,0.8
9.6,7.9,0.8,0.8
9.6,7.95,0.7906,0.7906
9.6,8,0.7762,0.7762
9.6,8.05,0.7649,0.7649
9.6,8.1,0.7566,0.7566
9.55,8.15,0.7018,0.7018
9.55,8.2,0.7,0.7
9.55,8.25,0.7,0.7
9.55,8.3,0.7018,0.7018
9.55,8.35,0.7,0.7
9.55,8.4,0.7018,0.7018
9.55,8.45,0.7071,0.7071
9.55,8.5,0.7159,0.7159
9.55,8.55,0.728,0.728
9.55,8.6,0.7433,0.7433
9.55,8.65,0.7566,0.7566
9.55,8.7,0.7517,0.7517
9.55,8.75,0.75,0.75
9.55,8.8,0.75,0.75
9.55,8.85,0.75,0.75
9.55,8.9,0.7433,0.7433
9.5,8.95,0.7762,0.7762
9.5,9,0.7649,0.7649
9.45,9.05,0.8062,0.8062
9.45,9.1,0.8016,0.8016
9.45,9.15,0.8,0.8
9.4,9.2,0.85,0.85
9.4,9.25,0.85,0.85
9.35,9.3,0.886,0.886
9.3,9.35,0.922,0.922
9.25,9.4,0.9618,0.9618
9.2,9.45,1.005,1.005
9.15,9.5,1.0512,1.0512
9.1,9.55,1.0966,1.0966
9.05,9.6,1.1236,1.1236
9,9.6,1.1068,1.1068
8.95,9.6,1.092,1.092
8.9,9.6,1.0794,1.0794
8.85,9.65,1.118,1.118
8.8,9.65,1.1102,1.1102
8.75,9.65,1.1045,1.1045
8.7,9.7,1.1511,1.1511
8.65,9.7,1.15,1.15
8.6,9.7,1.1511,1.1511
8.55,9.65,1.1045,1.1045
8.5,9.65,1.1102,1.1102
8.45,9.65,1.118,1.118
8.4,9.65,1.1281,1.1281
8.35,9.6,1.092,1.092
8.3,9.6,1.1068,1.1068
8.25,9.6,1.1236,1.1236
8.2,9.55,1.0966,1.0966
8.15,9.55,1.118,1.118
8.1,9.5,1.0977,1.0977
8.05,9.5,1.05,1.05
8,9.5,1,1
7.95,9.45,0.95,0.95
7.9,9.45,0.9,0.9
7.85,9.4,0.8515,0.8515
7.85,9.35,0.8559,0.8559
7.85,9.3,0.8559,0.8559
7.8,9.25,0.8016,0.8016
7.8,9.2,0.8,0.8
7.8,9.15,0.8,0.8
7.75,9.1,0.7517,0.7517
7.75,9.05,0.75,0.75
7.75,9,0.75,0.75
7.75,8.95,0.7517,0.7517
7.75,8.9,0.7566,0.7566
7.75,8.85,0.7517,0.7517
7.75,8.8,0.75,0.75
7.75,8.75,0.75,0.75
7.75,8.7,0.75,0.75
7.7,8.65,0.7,0.7
7.7,8.6,0.7,0.7
7.7,8.55,0.7,0.7
7.7,8.5,0.7,0.7
7.7,8.45,0.7,0.7
7.7,8.4,0.7,0.7
7.75,8.35,0.75,0.75
7.75,8.3,0.7433,0.7433
7.75,8.25,0.728,0.728
7.75,8.2,0.7159,0.7159
7.75,8.15,0.7071,0.7071
7.75,8.1,0.7018,0.7018
7.75,8.05,0.7,0.7
7.75,8,0.7,0.7
7.75,7.95,0.7,0.7
7.75,7.9,0.7,0.7
7.75,7.85,0.7,0.7
7.75,7.8,0.7,0.7
7.75,7.75,0.7,0.7
7.75,7.7,0.7,0.7
7.75,7.65,0.7,0.7
7.75,7.6,0.7,0.7
7.75,7.55,0.7,0.7
7.75,7.5,0.7,0.7
7.75,7.45,0.7,0.7
7.75,7.4,0.7,0.7
7.75,7.35,0.7,0.7
7.75,7.3,0.6964,0.6964
7.75,7.25,0.6801,0.6801
7.75,7.2,0.6671,0.6671
7.75,7.15,0.6576,0.6576
7.75,7.1,0.6519,0.6519
7.8,7.05,0.6576,0.6576
7.8,7,0.6671,0.6671
7.8,6.95,0.6801,0.6801
7.8,6.9,0.6964,0.6964
7.8,6.85,0.7,0.7
7.8,6.8,0.7,0.7
7.8,6.75,0.6964,0.6964
7.8,6.7,0.6801,0.6801
7.8,6.65,0.6671,0.6671
7.85,6.6,0.7,0.7
7.85,6.55,0.7,0.7
7.85,6.5,0.7,0.7
7.85,6.45,0.6964,0.6964
7.85,6.4,0.6801,0.6801
7.9,6.35,0.6671,0.6671
7.9,6.3,0.6801,0.6801
7.9,6.25,0.6964,0.6964
7.9,6.2,0.6964,0.6964
7.9,6.15,0.6801,0.6801
7.9,6.1,0.6671,0.6671
7.9,6.05,0.6576,0.6576
7.9,6,0.6519,0.6519
7.95,5.95,0.65,0.65
7.95,5.9,0.65,0.65
7.95,5.85,0.6519,0.6519
7.95,5.8,0.6519,0.6519
7.95,5.75,0.65,0.65
7.95,5.7,0.6519,0.6519
8,5.65,0.6083,0.6083
8,5.6,0.6185,0.6185
8,5.55,0.6325,0.6325
8,5.5,0.65,0.65
8,5.45,0.65,0.65
8,5.4,0.65,0.65
8,5.35,0.6325,0.6325
8,5.3,0.6185,0.6185
8,5.25,0.6083,0.6083
8.05,5.2,0.6,0.6
8.05,5.15,0.6,0.6
8.05,5.1,0.6,0.6
8.05,5.05,0.6,0.6
8.05,5,0.6,0.6
8.05,4.95,0.6,0.6
8.05,4.9,0.6,0.6
8.05,4.85,0.6,0.6
8.05,4.8,0.6,0.6
8.05,4.75,0.6,0.6
8.05,4.7,0.6021,0.6021
8.05,4.65,0.6083,0.6083
8.05,4.6,0.6185,0.6185
8.05,4.55,0.6325,0.6325
8.05,4.5,0.65,0.65
8.05,4.45,0.65,0.65
8.05,4.4,0.65,0.65
8.05,4.35,0.65,0.65
8.05,4.3,0.6519,0.6519
8.05,4.25,0.6576,0.6576
8.05,4.2,0.6671,0.6671
8.05,4.15,0.6801,0.6801
8,4.1,0.7433,0.7433
8,4.05,0.7517,0.7517
8,4,0.7566,0.7566
7.95,3.95,0.8139,0.8139
7.9,3.9,0.8732,0.8732
7.85,3.9,0.9179,0.9179
7.8,3.85,0.9394,0.9394
7.75,3.85,0.9192,0.9192
7.7,3.85,0.9014,0.9014
7.65,3.8,0.9341,0.9341
7.6,3.8,0.922,0.922
7.55,3.75,0.9618,0.9618
7.5,3.75,0.9552,0.9552
7.45,3.7,1.0012,1.0012
7.4,3.7,1,1
7.35,3.65,1.05,1.05
7.3,3.65,1.05,1.05
7.25,3.6,1.1,1.1
7.2,3.6,1.1,1.1
7.15,3.6,1.1011,1.1011
7.1,3.55,1.1543,1.1543
7.05,3.55,1.1597,1.1597
7,3.55,1.1673,1.1673
6.95,3.55,1.1769,1.1769
6.9,3.55,1.1885,1.1885
6.85,3.55,1.2021,1.2021
6.8,3.55,1.2176,1.2176
6.75,3.55,1.2349,1.2349
6.7,3.6,1.2083,1.2083
6.65,3.6,1.2298,1.2298
6.6,3.6,1.253,1.253
6.55,3.6,1.2777,1.2777
6.5,3.65,1.2619,1.2619
6.45,3.65,1.2903,1.2903
6.4,3.65,1.32,1.32
6.35,3.65,1.32,1.32
6.3,3.7,1.3314,1.3314
6.25,3.75,1.3435,1.3435
6.2,3.8,1.3454,1.3454
6.15,3.85,1.3509,1.3509
6.1,3.9,1.3601,1.3601
6.05,3.95,1.373,1.373
6.05,4,1.3463,1.3463
6,4.05,1.3647,1.3647
6,4.1,1.3416,1.3416
5.95,4.15,1.3647,1.3647
5.9,4.2,1.3865,1.3865
5.9,4.25,1.3647,1.3647
5.85,4.3,1.3865,1.3865
5.85,4.35,1.3657,1.3657
5.8,4.4,1.3928,1.3928
5.8,4.45,1.3757,1.3757
5.75,4.5,1.3946,1.3946
5.75,4.55,1.3928,1.3928
5.75,4.6,1.3757,1.3757
5.75,4.65,1.3601,1.3601
5.75,4.7,1.3463,1.3463
5.7,4.75,1.3757,1.3757
5.7,4.8,1.3601,1.3601
5.7,4.85,1.3463,1.3463
5.7,4.9,1.3342,1.3342
5.65,4.95,1.373,1.373
5.65,5,1.3647,1.3647
5.65,5.05,1.3583,1.3583
5.65,5.1,1.3463,1.3463
5.6,5.15,1.3829,1.3829
5.6,5.2,1.373,1.373
5.6,5.25,1.3647,1.3647
5.6,5.3,1.3583,1.3583
5.6,5.35,1.3537,1.3537
5.6,5.4,1.3509,1.3509
5.55,5.45,1.4,1.4
5.55,5.5,1.3946,1.3946
5.55,5.55,1.3829,1.3829
5.55,5.6,1.373,1.373
5.55,5.65,1.3647,1.3647
5.5,5.7,1.408,1.408
5.5,5.75,1.4036,1.4036
5.5,5.8,1.4009,1.4009
5.45,5.85,1.45,1.45
5.45,5.9,1.4431,1.4431
5.45,5.95,1.4318,1.4318
5.45,6,1.4221,1.4221
5.45,6.05,1.4142,1.4142
5.45,6.1,1.408,1.408
5.45,6.15,1.4036,1.4036
5.45,6.2,1.4009,1.4009
5.4,6.25,1.4431,1.4431
5.4,6.3,1.4318,1.4318
5.4,6.35,1.4221,1.4221
5.4,6.4,1.4142,1.4142
5.35,6.45,1.45,1.45
5.35,6.5,1.4509,1.4509
5.35,6.55,1.4509,1.4509
5.35,6.6,1.45,1.45
5.35,6.65,1.4431,1.4431
5.35,6.7,1.4318,1.4318
5.35,6.75,1.4221,1.4221
5.35,6.8,1.4142,1.4142
5.3,6.85,1.45,1.45
5.3,6.9,1.45,1.45
5.3,6.95,1.45,1.45
5.3,7,1.45,1.45
5.3,7.05,1.45,1.45
5.3,7.1,1.45,1.45
5.3,7.15,1.45,1.45
5.25,7.2,1.4036,1.4036
5.25,7.25,1.408,1.408
5.25,7.3,1.4142,1.4142
5.25,7.35,1.4221,1.4221
5.25,7.4,1.4318,1.4318
5.25,7.45,1.4431,1.4431
5.25,7.5,1.4509,1.4509
5.25,7.55,1.45,1.45
5.25,7.6,1.45,1.45
5.25,7.65,1.45,1.45
5.2,7.7,1.4,1.4
5.2,7.75,1.4009,1.4009
5.2,7.8,1.4036,1.4036
5.2,7.85,1.408,1.408
5.15,7.9,1.3647,1.3647
5.15,7.95,1.373,1.373
5.15,8,1.3829,1.3829
5.15,8.05,1.3946,1.3946
5.15,8.1,1.408,1.408
5.1,8.15,1.3757,1.3757
5.1,8.2,1.3928,1.3928
5.1,8.25,1.4116,1.4116
5.05,8.3,1.3865,1.3865
5.05,8.35,1.4089,1.4089
5.05,8.4,1.4327,1.4327
5,8.45,1.4151,1.4151
5,8.5,1.4422,1.4422
5,8.55,1.4705,1.4705
4.95,8.6,1.4603,1.4603
4.95,8.65,1.4916,1.4916
4.95,8.7,1.524,1.524
4.9,8.75,1.5207,1.5207
4.85,8.8,1.5207,1.5207
4.8,8.85,1.524,1.524
4.75,8.85,1.4916,1.4916
4.7,8.9,1.5,1.5
4.65,8.95,1.5116,1.5116
4.6,8.95,1.4841,1.4841
4.55,9,1.5008,1.5008
4.5,9,1.4765,1.4765
4.45,9,1.4534,1.4534
4.4,9.05,1.4765,1.4765
4.35,9.05,1.4534,1.4534
4.3,9.05,1.4318,1.4318
4.25,9.1,1.4577,1.4577
4.2,9.1,1.4396,1.4396
4.15,9.1,1.423,1.423
4.1,9.1,1.408,1.408
4.05,9.15,1.4396,1.4396
4,9.15,1.423,1.423
3.95,9.15,1.408,1.408
3.9,9.15,1.3946,1.3946
3.85,9.2,1.4318,1.4318
3.8,9.2,1.4221,1.4221
3.75,9.2,1.4142,1.4142
3.7,9.2,1.408,1.408
3.65,9.2,1.4036,1.4036
3.6,9.25,1.4509,1.4509
3.55,9.25,1.45,1.45
3.5,9.25,1.45,1.45
3.45,9.25,1.45,1.45
3.4,9.25,1.45,1.45
3.35,9.25,1.45,1.45
3.3,9.25,1.45,1.45
3.25,9.3,1.5,1.5
3.2,9.3,1.5,1.5
3.15,9.3,1.5008,1.5008
3.1,9.3,1.5033,1.5033
3.05,9.3,1.5075,1.5075
3,9.3,1.5133,1.5133
2.95,9.3,1.5207,1.5207
2.9,9.3,1.5297,1.5297
2.85,9.3,1.5403,1.5403
2.8,9.3,1.55,1.55
2.75,9.3,1.55,1.55
2.7,9.3,1.55,1.55
2.65,9.3,1.55,1.55
2.6,9.3,1.55,1.55
2.55,9.3,1.55,1.55
2.5,9.3,1.55,1.55
2.45,9.3,1.55,1.55
2.4,9.3,1.55,1.55
2.35,9.3,1.5508,1.5508
2.3,9.25,1.6,1.6
2.25,9.25,1.6,1.6
2.2,9.25,1.6,1.6
2.15,9.25,1.6,1.6
2.1,9.25,1.6,1.6
2.05,9.25,1.6,1.6
2,9.25,1.589,1.589
1.95,9.25,1.5788,1.5788
1.9,9.25,1.57,1.57
1.85,9.25,1.5628,1.5628
1.8,9.25,1.5572,1.5572
1.75,9.25,1.5532,1.5532
1.7,9.25,1.5508,1.5508
1.65,9.2,1.6,1.6
1.6,9.2,1.6,1.6
1.55,9.2,1.6,1.6
1.5,9.2,1.6,1.6
1.45,9.2,1.6,1.6
1.4,9.2,1.6,1.6
1.35,9.2,1.6,1.6
1.3,9.25,1.5403,1.5403
1.25,9.25,1.5297,1.5297
1.2,9.25,1.5207,1.5207
1.15,9.25,1.5133,1.5133
1.1,9.25,1.5075,1.5075
1.05,9.3,1.4534,1.4534
1,9.3,1.4509,1.4509
0.95,9.3,1.45,1.45
0.9,9.3,1.45,1.45
0.85,9.3,1.45,1.45
0.8,9.35,1.4,1.4
0.75,9.35,1.4,1.4
0.7,9.35,1.4,1.4
0.65,9.35,1.3946,1.3946
0.6,9.4,1.3342,1.3342
0.55,9.4,1.3238,1.3238
0.5,9.4,1.3153,1.3153
0.45,9.4,1.3086,1.3086
0.4,9.4,1.3038,1.3038
0.35,9.4,1.301,1.301
0.3,9.4,1.3,1.3
0.25,9.4,1.3,1.3
0.2,9.4,1.3,1.3
0.15,9.45,1.25,1.25
0.1,9.45,1.25,1.25
0.05,9.45,1.25,1.25
0,9.45,1.25,1.25
-0.05,9.45,1.25,1.25
-0.1,9.45,1.25,1.25
-0.15,9.45,1.25,1.25
-0.2,9.45,1.25,1.25
-0.25,9.45,1.25,1.25
-0.3,9.45,1.25,1.25
-0.35,9.45,1.2369,1.2369
-0.4,9.45,1.2258,1.2258
-0.45,9.5,1.1673,1.1673
-0.5,9.5,1.1597,1.1597
-0.55,9.5,1.1543,1.1543
-0.6,9.5,1.1511,1.1511
-0.65,9.5,1.15,1.15
-0.7,9.5,1.15,1.15
-0.75,9.5,1.15,1.15
-0.8,9.45,1.1885,1.1885
-0.85,9.45,1.1769,1.1769
-0.9,9.45,1.1673,1.1673
-0.95,9.45,1.1543,1.1543
-1,9.45,1.1402,1.1402
-1.05,9.45,1.1236,1.1236
-1.1,9.45,1.1068,1.1068
-1.15,9.45,1.092,1.092
-1.2,9.45,1.0794,1.0794
-1.25,9.45,1.0689,1.0689
-1.3,9.45,1.0607,1.0607
-1.35,9.45,1.0548,1.0548
-1.4,9.45,1.0512,1.0512
-1.45,9.45,1.05,1.05
-1.5,9.45,1.05,1.05
-1.55,9.45,1.05,1.05
-1.6,9.45,1.05,1.05
-1.65,9.45,1.05,1.05
-1.7,9.45,1.05,1.05
-1.75,9.45,1.05,1.05
-1.8,9.45,1.05,1.05
-1.85,9.45,1.05,1.05
-1.9,9.45,1.05,1.05
-1.95,9.45,1.05,1.05
-2,9.45,1.05,1.05
-2.05,9.45,1.05,1.05
-2.1,9.45,1.05,1.05
-2.15,9.4,1,1
-2.2,9.4,1,1
-2.25,9.4,1.0012,1.0012
-2.3,9.4,1.005,1.005
-2.35,9.4,1.0112,1.0112
-2.4,9.4,1.0198,1.0198
-2.45,9.4,1.0308,1.0308
-2.5,9.4,1.044,1.044
-2.55,9.4,1.0512,1.0512
-2.6,9.4,1.0548,1.0548
-2.65,9.4,1.0607,1.0607
-2.7,9.4,1.0689,1.0689
-2.75,9.4,1.0794,1.0794
-2.8,9.4,1.0794,1.0794
-2.85,9.4,1.0689,1.0689
-2.9,9.4,1.0607,1.0607
-2.95,9.4,1.0548,1.0548
-3,9.4,1.0512,1.0512
-3.05,9.4,1.05,1.05
-3.1,9.4,1.05,1.05
-3.15,9.35,1.1,1.1
-3.2,9.35,1.1,1.1
-3.25,9.35,1.1,1.1
-3.3,9.35,1.1,1.1
-3.35,9.35,1.1,1.1
-3.4,9.35,1.092,1.092
-3.45,9.35,1.0794,1.0794
-3.5,9.3,1.118,1.118
-3.55,9.3,1.1102,1.1102
-3.6,9.3,1.1045,1.1045
-3.65,9.3,1.1011,1.1011
-3.7,9.3,1.1,1.1
-3.75,9.3,1.1,1.1
-3.8,9.3,1.1,1.1
-3.85,9.3,1.1,1.1
-3.9,9.3,1.1,1.1
-3.95,9.25,1.15,1.15
-4,9.25,1.15,1.15
-4.05,9.25,1.15,1.15
-4.1,9.25,1.1402,1.1402
-4.15,9.2,1.1769,1.1769
-4.2,9.2,1.1673,1.1673
-4.25,9.2,1.1597,1.1597
-4.3,9.2,1.1543,1.1543
-4.35,9.2,1.1511,1.1511
-4.4,9.2,1.15,1.15
-4.45,9.2,1.15,1.15
-4.5,9.15,1.2,1.2
-4.55,9.15,1.2,1.2
-4.6,9.15,1.2,1.2
-4.65,9.15,1.2,1.2
-4.7,9.1,1.25,1.25
-4.75,9.1,1.2369,1.2369
-4.8,9.1,1.2258,1.2258
-4.85,9.05,1.2659,1.2659
-4.9,9.05,1.259,1.259
-4.95,9.05,1.254,1.254
-5,9,1.301,1.301
-5.05,9,1.3,1.3
-5.1,8.95,1.35,1.35
-5.15,8.95,1.35,1.35
-5.2,8.9,1.4,1.4
-5.25,8.85,1.45,1.45
-5.3,8.85,1.4431,1.4431
-5.35,8.8,1.4705,1.4705
-5.4,8.8,1.4705,1.4705
-5.45,8.75,1.4841,1.4841
-5.5,8.75,1.4765,1.4765
-5.55,8.7,1.4983,1.4983
-5.6,8.65,1.4916,1.4916
-5.65,8.6,1.4866,1.4866
-5.7,8.6,1.4916,1.4916
-5.75,8.55,1.5,1.5
-5.8,8.5,1.4916,1.4916
-5.85,8.45,1.4841,1.4841
-5.9,8.4,1.4705,1.4705
-5.9,8.35,1.4849,1.4849
-5.95,8.3,1.4841,1.4841
-6,8.25,1.4705,1.4705
-6.05,8.2,1.4577,1.4577
-6.1,8.15,1.4422,1.4422
-6.1,8.1,1.4603,1.4603
-6.15,8.05,1.4577,1.4577
-6.15,8,1.4422,1.4422
-6.2,7.95,1.4577,1.4577
-6.2,7.9,1.4327,1.4327
-6.2,7.85,1.4089,1.4089
-6.25,7.8,1.4318,1.4318
-6.25,7.75,1.4089,1.4089
-6.25,7.7,1.3865,1.3865
-6.25,7.65,1.3647,1.3647
-6.3,7.6,1.3865,1.3865
-6.3,7.55,1.3657,1.3657
-6.3,7.5,1.3463,1.3463
-6.3,7.45,1.3285,1.3285
-6.3,7.4,1.3124,1.3124
-6.3,7.35,1.2981,1.2981
-6.25,7.3,1.2369,1.2369
-6.25,7.25,1.2258,1.2258
-6.25,7.2,1.2166,1.2166
-6.25,7.15,1.2093,1.2093
-6.25,7.1,1.2042,1.2042
-6.2,7.05,1.1511,1.1511
-6.2,7,1.15,1.15
-6.2,6.95,1.15,1.15
-6.2,6.9,1.15,1.15
-6.15,6.85,1.1,1.1
-6.15,6.8,1.1,1.1
-6.15,6.75,1.1,1.1
-6.15,6.7,1.1011,1.1011
-6.1,6.65,1.0548,1.0548
-6.1,6.6,1.0607,1.0607
-6.1,6.55,1.0689,1.0689
-6.05,6.5,1.0308,1.0308
-6.05,6.45,1.044,1.044
-6.05,6.4,1.0595,1.0595
-6,6.35,1.0308,1.0308
-6,6.3,1.0512,1.0512
-5.95,6.25,1.0296,1.0296
-5.95,6.2,1.0012,1.0012
-5.95,6.15,0.9513,0.9513
-5.9,6.1,0.9055,0.9055
-5.85,6.05,0.8631,0.8631
-5.8,6,0.8246,0.8246
-5.75,5.95,0.7906,0.7906
-5.7,5.95,0.8078,0.8078
-5.65,5.95,0.8246,0.8246
-5.6,5.9,0.7906,0.7906
-5.55,5.9,0.8078,0.8078
-5.5,5.9,0.8276,0.8276
-5.45,5.85,0.8062,0.8062
-5.4,5.85,0.8276,0.8276
-5.35,5.8,0.8062,0.8062
-5.3,5.8,0.8201,0.8201
-5.25,5.75,0.8062,0.8062
-5.2,5.7,0.7906,0.7906
-5.15,5.7,0.8139,0.8139
-5.1,5.65,0.8062,0.8062
-5.05,5.6,0.7826,0.7826
-5,5.55,0.7616,0.7616
-4.95,5.55,0.781,0.781
-4.9,5.5,0.7616,0.7616
-4.85,5.5,0.7632,0.7632
-4.8,5.45,0.7632,0.7632
-4.75,5.4,0.75,0.75
-4.7,5.4,0.75,0.75
-4.65,5.35,0.7616,0.7616
-4.6,5.3,0.728,0.728
-4.55,5.3,0.7433,0.7433
-4.5,5.25,0.7159,0.7159
-4.45,5.25,0.7382,0.7382
-4.4,5.2,0.7159,0.7159
-4.35,5.2,0.7382,0.7382
-4.3,5.2,0.7159,0.7159
-4.25,5.15,0.728,0.728
-4.2,5.15,0.7159,0.7159
-4.15,5.1,0.7071,0.7071
-4.1,5.1,0.7159,0.7159
-4.05,5.05,0.6801,0.6801
-4,5.05,0.6964,0.6964
-3.95,5.05,0.7018,0.7018
-3.9,5.05,0.7071,0.7071
-3.85,5.05,0.6964,0.6964
-3.8,5.05,0.6801,0.6801
-3.75,5.05,0.6671,0.6671
-3.7,5.05,0.6576,0.6576
-3.65,5,0.7,0.7
-3.6,5,0.7,0.7
-3.55,5,0.7,0.7
-3.5,5,0.7,0.7
-3.45,5,0.7,0.7
-3.4,5.05,0.65,0.65
-3.35,5.05,0.65,0.65
-3.3,5.05,0.6519,0.6519
-3.25,5.05,0.6576,0.6576
-3.2,5.05,0.6671,0.6671
-3.15,5.05,0.6801,0.6801
-3.1,5.05,0.6964,0.6964
-3.05,5.05,0.6801,0.6801
-3,5.1,0.6801,0.6801
-2.95,5.1,0.6964,0.6964
-2.9,5.1,0.6964,0.6964
-2.85,5.1,0.6801,0.6801
-2.8,5.15,0.7159,0.7159
-2.75,5.15,0.6964,0.6964
-2.7,5.2,0.728,0.728
-2.65,5.2,0.7159,0.7159
-2.6,5.25,0.7382,0.7382
-2.55,5.3,0.7211,0.7211
-2.5,5.3,0.7211,0.7211
-2.45,5.35,0.7382,0.7382
-2.4,5.4,0.7433,0.7433
-2.35,5.45,0.7433,0.7433
-2.3,5.5,0.7433,0.7433
-2.3,5.55,0.7382,0.7382
-2.25,5.6,0.75,0.75
-2.2,5.65,0.7632,0.7632
-2.15,5.7,0.7778,0.7778
-2.15,5.75,0.7616,0.7616
-2.1,5.8,0.7826,0.7826
-2.05,5.85,0.8062,0.8062
-2,5.9,0.8139,0.8139
-2,5.95,0.8062,0.8062
-1.95,6,0.8276,0.8276
-1.9,6.05,0.85,0.85
-1.85,6.1,0.8732,0.8732
-1.8,6.15,0.8944,0.8944
-1.75,6.2,0.9179,0.9179
-1.7,6.25,0.9394,0.9394
-1.65,6.3,0.9618,0.9618
-1.6,6.3,0.9394,0.9394
-1.55,6.35,0.9657,0.9657
-1.5,6.35,0.9487,0.9487
-1.45,6.4,0.9823,0.9823
-1.4,6.4,0.9657,0.9657
-1.35,6.4,0.9487,0.9487
-1.3,6.45,0.9823,0.9823
-1.25,6.45,0.9708,0.9708
-1.2,6.5,1.0112,1.0112
-1.15,6.45,0.9552,0.9552
-1.1,6.45,0.9513,0.9513
-1.05,6.45,0.95,0.95
-1,6.45,0.95,0.95
-0.95,6.45,0.95,0.95
-0.9,6.4,0.9,0.9
-0.85,6.4,0.9,0.9
-0.8,6.4,0.9,0.9
-0.75,6.4,0.9,0.9
-0.7,6.35,0.8515,0.8515
-0.65,6.35,0.8559,0.8559
-0.6,6.35,0.8631,0.8631
-0.55,6.35,0.8732,0.8732
-0.5,6.35,0.886,0.886
-0.45,6.3,0.8544,0.8544
-0.4,6.3,0.8732,0.8732
-0.35,6.3,0.886,0.886
-0.3,6.3,0.9014,0.9014
-0.25,6.3,0.9192,0.9192
-0.2,6.25,0.8944,0.8944
-0.15,6.25,0.9179,0.9179
-0.1,6.25,0.9394,0.9394
-0.05,6.2,0.9179,0.9179
0,6.2,0.9394,0.9394
0.05,6.2,0.9394,0.9394
0.1,6.15,0.9434,0.9434
0.15,6.15,0.9394,0.9394
0.2,6.1,0.9605,0.9605
0.25,6.1,0.9394,0.9394
0.3,6.05,0.9618,0.9618
0.35,6.05,0.9394,0.9394
0.4,6,0.9618,0.9618
0.45,6,0.9394,0.9394
0.5,6,0.9192,0.9192
0.55,5.95,0.9487,0.9487
0.6,5.95,0.9341,0.9341
0.65,5.95,0.922,0.922
0.7,5.9,0.9618,0.9618
0.75,5.9,0.9487,0.9487
0.8,5.85,0.9823,0.9823
0.85,5.85,0.9708,0.9708
0.9,5.85,0.9618,0.9618
0.95,5.85,0.9552,0.9552
1,5.8,1.0012,1.0012
1.05,5.8,0.9962,0.9962
1.1,5.75,1.0308,1.0308
1.15,5.75,1.0198,1.0198
1.2,5.7,1.0607,1.0607
1.25,5.7,1.0548,1.0548
1.3,5.65,1.1011,1.1011
1.35,5.65,1.1,1.1
1.4,5.6,1.1511,1.1511
1.45,5.6,1.15,1.15
1.5,5.55,1.2,1.2
1.55,5.5,1.1853,1.1853
1.6,5.5,1.2042,1.2042
1.65,5.45,1.1853,1.1853
1.7,5.4,1.1662,1.1662
1.75,5.4,1.1927,1.1927
1.8,5.35,1.18,1.18
1.85,5.3,1.1715,1.1715
1.9,5.3,1.18,1.18
1.95,5.25,1.1927,1.1927
2,5.2,1.1927,1.1927
2.05,5.15,1.18,1.18
2.1,5.1,1.1715,1.1715
2.15,5.05,1.1662,1.1662
2.2,5,1.1511,1.1511
2.25,4.95,1.1402,1.1402
2.3,4.9,1.1336,1.1336
2.35,4.9,1.1236,1.1236
2.4,4.85,1.1102,1.1102
2.4,4.8,1.1336,1.1336
2.4,4.75,1.0977,1.0977
2.45,4.7,1.0817,1.0817
2.5,4.7,1.1102,1.1102
2.55,4.65,1.0966,1.0966
2.6,4.6,1.0689,1.0689
2.65,4.55,1.0308,1.0308
2.65,4.5,1.044,1.044
2.7,4.45,1,1
2.7,4.4,1,1
2.7,4.35,1.0012,1.0012
2.7,4.3,0.9862,0.9862
2.7,4.25,0.9618,0.9618
2.75,4.2,0.9552,0.9552
2.75,4.15,0.9618,0.9618
2.75,4.1,0.9487,0.9487
2.75,4.05,0.9341,0.9341
2.75,4,0.922,0.922
2.75,3.95,0.9124,0.9124
2.75,3.9,0.9055,0.9055
2.75,3.85,0.9014,0.9014
2.75,3.8,0.9,0.9
2.75,3.75,0.9,0.9
2.75,3.7,0.9,0.9
2.7,3.65,0.8515,0.8515
2.7,3.6,0.8559,0.8559
2.7,3.55,0.8631,0.8631
2.7,3.5,0.8732,0.8732
2.65,3.45,0.8382,0.8382
2.65,3.4,0.8544,0.8544
2.65,3.35,0.8732,0.8732
2.6,3.3,0.85,0.85
2.6,3.25,0.8746,0.8746
2.6,3.2,0.9014,0.9014
2.55,3.15,0.8902,0.8902
2.55,3.1,0.9192,0.9192
2.5,3.05,0.9192,0.9192
2.45,3,0.9179,0.9179
2.4,2.95,0.9014,0.9014
2.35,2.95,0.9014,0.9014
2.3,2.9,0.9179,0.9179
2.25,2.85,0.9179,0.9179
2.2,2.8,0.8944,0.8944
2.15,2.75,0.8746,0.8746
2.1,2.75,0.9014,0.9014
2.05,2.7,0.886,0.886
2,2.7,0.8944,0.8944
1.95,2.7,0.8732,0.8732
1.9,2.65,0.8944,0.8944
1.85,2.65,0.8732,0.8732
1.8,2.65,0.8544,0.8544
1.75,2.6,0.886,0.886
1.7,2.6,0.8732,0.8732
1.65,2.6,0.8631,0.8631
1.6,2.55,0.886,0.886
1.55,2.55,0.886,0.886
1.5,2.55,0.8732,0.8732
1.45,2.55,0.8631,0.8631
1.4,2.5,0.9055,0.9055
1.35,2.5,0.9014,0.9014
1.3,2.5,0.886,0.886
1.25,2.5,0.8732,0.8732
1.2,2.5,0.8631,0.8631
1.15,2.45,0.9055,0.9055
1.1,2.45,0.9014,0.9014
1.05,2.45,0.9,0.9
1,2.4,0.9,0.9
0.95,2.4,0.9,0.9
0.9,2.4,0.9,0.9
0.85,2.35,0.8515,0.8515
0.8,2.35,0.8515,0.8515
0.75,2.35,0.85,0.85
0.7,2.35,0.8515,0.8515
0.65,2.35,0.8559,0.8559
0.6,2.35,0.8631,0.8631
0.55,2.35,0.8732,0.8732
0.5,2.3,0.8382,0.8382
0.45,2.3,0.85,0.85
0.4,2.3,0.8515,0.8515
0.35,2.3,0.8559,0.8559
0.3,2.3,0.8631,0.8631
0.25,2.3,0.8732,0.8732
0.2,2.3,0.886,0.886
0.15,2.3,0.9,0.9
0.1,2.3,0.9,0.9
0.05,2.3,0.886,0.886
0,2.25,0.8515,0.8515
-0.05,2.25,0.8559,0.8559
-0.1,2.25,0.8631,0.8631
-0.15,2.25,0.8732,0.8732
-0.2,2.25,0.886,0.886
-0.25,2.25,0.9,0.9
-0.3,2.25,0.9,0.9
-0.35,2.2,0.85,0.85
-0.4,2.2,0.85,0.85
-0.45,2.2,0.85,0.85
-0.5,2.2,0.85,0.85
-0.55,2.2,0.85,0.85
-0.6,2.2,0.85,0.85
-0.65,2.2,0.85,0.85
-0.7,2.2,0.8515,0.8515
-0.75,2.15,0.8062,0.8062
-0.8,2.15,0.8139,0.8139
-0.85,2.15,0.8246,0.8246
-0.9,2.15,0.8382,0.8382
-0.95,2.15,0.85,0.85
-1,2.15,0.85,0.85
-1.05,2.15,0.85,0.85
-1.1,2.15,0.85,0.85
-1.15,2.15,0.85,0.85
-1.2,2.15,0.85,0.85
-1.25,2.15,0.85,0.85
-1.3,2.15,0.85,0.85
-1.35,2.15,0.85,0.85
-1.4,2.1,0.8,0.8
-1.45,2.1,0.8,0.8
-1.5,2.1,0.8,0.8
-1.55,2.1,0.8016,0.8016
-1.6,2.1,0.8062,0.8062
-1.65,2.1,0.8139,0.8139
-1.7,2.1,0.8246,0.8246
-1.75,2.1,0.8382,0.8382
-1.8,2.1,0.85,0.85
-1.85,2.1,0.85,0.85
-1.9,2.1,0.85,0.85
-1.95,2.1,0.85,0.85
-2,2.1,0.85,0.85
-2.05,2.1,0.85,0.85
-2.1,2.1,0.85,0.85
-2.15,2.1,0.85,0.85
-2.2,2.1,0.85,0.85
-2.25,2.1,0.85,0.85
-2.3,2.1,0.85,0.85
-2.35,2.1,0.85,0.85
-2.4,2.1,0.85,0.85
-2.45,2.1,0.85,0.85
-2.5,2.1,0.85,0.85
-2.55,2.1,0.85,0.85
-2.6,2.1,0.8515,0.8515
-2.65,2.1,0.8559,0.8559
-2.7,2.1,0.8631,0.8631
-2.75,2.1,0.8732,0.8732
-2.8,2.1,0.886,0.886
-2.85,2.1,0.9,0.9
-2.9,2.1,0.9,0.9
-2.95,2.1,0.9,0.9
-3,2.1,0.9,0.9
-3.05,2.1,0.9,0.9
-3.1,2.1,0.9,0.9
-3.15,2.05,0.85,0.85
-3.2,2.05,0.85,0.85
-3.25,2.05,0.8515,0.8515
-3.3,2.05,0.8559,0.8559
-3.35,2.1,0.9124,0.9124
-3.4,2.1,0.922,0.922
-3.45,2.1,0.9341,0.9341
-3.5,2.1,0.922,0.922
-3.55,2.1,0.9124,0.9124
-3.6,2.1,0.9055,0.9055
-3.65,2.1,0.9014,0.9014
-3.7,2.1,0.9,0.9
-3.75,2.1,0.9014,0.9014
-3.8,2.1,0.9,0.9
-3.85,2.15,0.9513,0.9513
-3.9,2.15,0.95,0.95
-3.95,2.15,0.95,0.95
-4,2.15,0.95,0.95
-4.05,2.15,0.95,0.95
-4.1,2.15,0.95,0.95
-4.15,2.15,0.95,0.95
-4.2,2.15,0.95,0.95
-4.25,2.2,1,1
-4.3,2.2,1,1
-4.35,2.2,1,1
-4.4,2.2,1,1
-4.45,2.2,1.0012,1.0012
-4.5,2.2,1.005,1.005
-4.55,2.2,1.0112,1.0112
-4.6,2.2,1.0198,1.0198
-4.65,2.2,1.0308,1.0308
-4.7,2.2,1.044,1.044
-4.75,2.2,1.05,1.05
-4.8,2.2,1.05,1.05
-4.85,2.2,1.05,1.05
-4.9,2.2,1.05,1.05
-4.95,2.2,1.05,1.05
-5,2.2,1.05,1.05
-5.05,2.2,1.05,1.05
-5.1,2.2,1.05,1.05
-5.15,2.2,1.05,1.05
-5.2,2.15,1.0012,1.0012
-5.25,2.15,1,1
-5.3,2.15,1.0012,1.0012
-5.35,2.15,1.005,1.005
-5.4,2.15,1.0112,1.0112
-5.45,2.15,1.0198,1.0198
-5.5,2.1,0.9823,0.9823
-5.55,2.1,0.9962,0.9962
-5.6,2.1,1.0124,1.0124
-5.65,2.1,1.0308,1.0308
-5.7,2.1,1.0512,1.0512
-5.75,2.1,1.0735,1.0735
-5.8,2.1,1.0794,1.0794
-5.85,2.1,1.0689,1.0689
-5.9,2.1,1.0607,1.0607
-5.95,2.05,1.1045,1.1045
-6,2.05,1.1011,1.1011
-6.05,2.05,1.092,1.092
-6.1,2,1.1281,1.1281
-6.15,2,1.118,1.118
-6.2,1.95,1.1543,1.1543
-6.25,1.9,1.1885,1.1885
-6.3,1.85,1.2258,1.2258
-6.35,1.8,1.2649,1.2649
-6.35,1.75,1.253,1.253
-6.4,1.7,1.2748,1.2748
-6.4,1.65,1.254,1.254
-6.45,1.6,1.2816,1.2816
-6.45,1.55,1.2649,1.2649
-6.45,1.5,1.25,1.25
-6.5,1.45,1.2816,1.2816
-6.5,1.4,1.2649,1.2649
-6.5,1.35,1.25,1.25
-6.55,1.3,1.2855,1.2855
-6.55,1.25,1.2748,1.2748
-6.55,1.2,1.2659,1.2659
-6.55,1.15,1.259,1.259
-6.55,1.1,1.254,1.254
-6.6,1.05,1.301,1.301
-6.6,1,1.3,1.3
-6.6,0.95,1.301,1.301
-6.6,0.9,1.3038,1.3038
-6.6,0.85,1.3086,1.3086
-6.55,0.8,1.2659,1.2659
-6.55,0.75,1.2748,1.2748
-6.55,0.7,1.2855,1.2855
-6.55,0.65,1.2981,1.2981
-6.55,0.6,1.3124,1.3124
-6.55,0.55,1.3285,1.3285
-6.5,0.5,1.3,1.3
-6.5,0.45,1.32,1.32
-6.5,0.4,1.3416,1.3416
-6.5,0.35,1.3647,1.3647
-6.5,0.3,1.3892,1.3892
-6.5,0.25,1.3946,1.3946
-6.45,0.2,1.4009,1.4009
-6.45,0.15,1.4221,1.4221
-6.45,0.1,1.4142,1.4142
-6.45,0.05,1.408,1.408
-6.4,0,1.4318,1.4318
-6.35,-0.05,1.4577,1.4577
-6.3,-0.1,1.4841,1.4841
-6.25,-0.15,1.4849,1.4849
-6.2,-0.2,1.4849,1.4849
-6.15,-0.25,1.4866,1.4866
-6.1,-0.3,1.4916,1.4916
-6.05,-0.3,1.4603,1.4603
-6,-0.35,1.4705,1.4705
-5.95,-0.35,1.4422,1.4422
-5.9,-0.35,1.4151,1.4151
-5.85,-0.4,1.4327,1.4327
-5.8,-0.4,1.4089,1.4089
-5.75,-0.4,1.3865,1.3865
-5.7,-0.45,1.4116,1.4116
-5.65,-0.45,1.3928,1.3928
-5.6,-0.45,1.3757,1.3757
-5.55,-0.45,1.3601,1.3601
-5.5,-0.5,1.3946,1.3946
-5.45,-0.5,1.3829,1.3829
-5.4,-0.5,1.373,1.373
-5.35,-0.5,1.3647,1.3647
-5.3,-0.55,1.408,1.408
-5.25,-0.55,1.4036,1.4036
-5.2,-0.55,1.4009,1.4009
-5.15,-0.55,1.4,1.4
-5.1,-0.55,1.4,1.4
-5.05,-0.6,1.4509,1.4509
-5,-0.6,1.4534,1.4534
-4.95,-0.6,1.4577,1.4577
-4.9,-0.6,1.4637,1.4637
-4.85,-0.6,1.4714,1.4714
-4.8,-0.6,1.4807,1.4807
-4.75,-0.6,1.4916,1.4916
-4.7,-0.6,1.5033,1.5033
-4.65,-0.6,1.5075,1.5075
-4.6,-0.6,1.5133,1.5133
-4.55,-0.6,1.5207,1.5207
-4.5,-0.6,1.5297,1.5297
-4.45,-0.6,1.5403,1.5403
-4.4,-0.6,1.5524,1.5524
-4.35,-0.6,1.5508,1.5508
-4.3,-0.6,1.55,1.55
-4.25,-0.6,1.5403,1.5403
-4.2,-0.6,1.5297,1.5297
-4.15,-0.6,1.5207,1.5207
-4.1,-0.6,1.5133,1.5133
-4.05,-0.6,1.5075,1.5075
-4,-0.55,1.4577,1.4577
-3.95,-0.55,1.4534,1.4534
-3.9,-0.55,1.4509,1.4509
-3.85,-0.55,1.45,1.45
-3.8,-0.55,1.45,1.45
-3.75,-0.55,1.45,1.45
-3.7,-0.55,1.45,1.45
-3.65,-0.55,1.45,1.45
-3.6,-0.5,1.4,1.4
-3.55,-0.5,1.4,1.4
-3.5,-0.5,1.4,1.4
-3.45,-0.5,1.4,1.4
-3.4,-0.5,1.4009,1.4009
-3.35,-0.5,1.4036,1.4036
-3.3,-0.5,1.408,1.408
-3.25,-0.5,1.4142,1.4142
-3.2,-0.5,1.4221,1.4221
-3.15,-0.5,1.4318,1.4318
-3.1,-0.5,1.4431,1.4431
-3.05,-0.5,1.45,1.45
-3,-0.5,1.45,1.45
-2.95,-0.5,1.45,1.45
-2.9,-0.5,1.45,1.45
-2.85,-0.5,1.45,1.45
-2.8,-0.5,1.45,1.45
-2.75,-0.45,1.4,1.4
-2.7,-0.45,1.4,1.4
-2.65,-0.45,1.4,1.4
-2.6,-0.45,1.4,1.4
-2.55,-0.45,1.4,1.4
-2.5,-0.45,1.4009,1.4009
-2.45,-0.45,1.4036,1.4036
-2.4,-0.45,1.408,1.408
-2.35,-0.45,1.4142,1.4142
-2.3,-0.45,1.4221,1.4221
-2.25,-0.45,1.4318,1.4318
-2.2,-0.4,1.3946,1.3946
-2.15,-0.4,1.3946,1.3946
-2.1,-0.4,1.3829,1.3829
-2.05,-0.4,1.373,1.373
-2,-0.4,1.3647,1.3647
-1.95,-0.4,1.3583,1.3583
-1.9,-0.4,1.3537,1.3537
-1.85,-0.4,1.3509,1.3509
-1.8,-0.4,1.35,1.35
-1.75,-0.4,1.35,1.35
-1.7,-0.4,1.35,1.35
-1.65,-0.4,1.35,1.35
-1.6,-0.4,1.35,1.35
-1.55,-0.4,1.35,1.35
-1.5,-0.4,1.35,1.35
-1.45,-0.4,1.35,1.35
-1.4,-0.4,1.3509,1.3509
-1.35,-0.4,1.3509,1.3509
-1.3,-0.4,1.35,1.35
-1.25,-0.4,1.3509,1.3509
-1.2,-0.4,1.3537,1.3537
-1.15,-0.4,1.3583,1.3583
-1.1,-0.4,1.3647,1.3647
-1.05,-0.4,1.3583,1.3583
-1,-0.4,1.3537,1.3537
-0.95,-0.4,1.3509,1.3509
-0.9,-0.4,1.35,1.35
-0.85,-0.35,1.3583,1.3583
-0.8,-0.35,1.3647,1.3647
-0.75,-0.35,1.373,1.373
-0.7,-0.35,1.3829,1.3829
-0.65,-0.35,1.3946,1.3946
-0.6,-0.35,1.3946,1.3946
-0.55,-0.35,1.3829,1.3829
-0.5,-0.35,1.373,1.373
-0.45,-0.35,1.3647,1.3647
-0.4,-0.35,1.3583,1.3583
-0.35,-0.35,1.3537,1.3537
-0.3,-0.35,1.3509,1.3509
-0.25,-0.35,1.35,1.35
-0.2,-0.3,1.3829,1.3829
-0.15,-0.3,1.3946,1.3946
-0.1,-0.3,1.4,1.4
-0.05,-0.3,1.4,1.4
