1.459605,0.076276,0.015646,1.5
1.598762,-0.101394,0.125498,1.5
1.424778,-0.02003,0.001807,1.5
1.392896,0.018316,0.003289,1.5
1.51338,0.073233,0.055589,1.5
1.494492,-0.050073,0.048116,1.5
1.496619,0.022288,0.008309,1.5
1.517319,-0.032759,0.043769,1.5
1.513774,0.049614,0.024007,1.5
1.597103,-0.024378,0.145341,1.5
1.627676,0.02857,0.015609,1.5
1.487237,0.019784,0.001599,1.5
1.55295,-0.059895,0.047661,1.5
1.521224,-0.047312,0.064084,1.5
1.387249,0.089205,0.128325,1.5
1.426016,-0.013961,0.005283,1.5
1.503711,0.050069,0.021612,1.5
1.601955,-0.082456,0.065351,1.5
1.508279,0.007515,0.030848,1.5
1.522826,-0.031813,0.036919,1.5
1.578117,-0.032906,0.040576,1.5
1.5395,0.021721,0.075207,1.5
1.540404,-0.044575,0.039619,1.5
1.613506,0.029051,0.038187,1.5
1.530191,0.005796,0.031653,1.5
1.629152,-0.062333,0.079201,1.5
1.435523,-0.041627,0.009278,1.5
1.517389,0.029284,0.035976,1.5
1.4792,0.077001,-0.006484,1.5
1.585304,0.008375,0.059977,1.5
1.534725,-0.050517,0.035268,1.5
1.522825,-0.063029,0.043371,1.5
1.44851,-0.042875,0.031939,1.5
1.585714,-0.07498,0.039972,1.5
1.502632,0.027315,0.051089,1.5
1.439465,0.032553,0.03944,1.5
1.584784,-0.041906,0.051346,1.5
1.457711,0.043722,0.059995,1.5
1.429749,-0.008105,0.01473,1.5
1.536148,-0.017496,0.033097,1.5
1.562619,-0.050571,0.037445,1.5
1.509935,-0.01836,0.039247,1.5
1.560354,-0.056285,0.082678,1.5
1.621269,-0.09113,0.059469,1.5
1.484308,0.020871,0.000485,1.5
1.566618,0.050299,0.015984,1.5
1.395461,0.033834,0.031171,1.5
1.571098,-0.048446,-0.005451,1.5
1.602956,0.030571,0.022993,1.5
1.628482,-0.026621,0.01608,1.5
1.766039,-0.010487,0.060711,1.5
1.71187,-0.007044,0.035772,1.5
1.874445,0.011093,0.038201,1.5
1.6869,-0.009227,0.026852,1.5
1.8019,0.054328,0.024387,1.5
1.787591,-0.024645,0.123183,1.5
1.942712,0.054646,0.005031,1.5
1.982753,0.030632,0.026189,1.5
2.386933,-0.025982,0.039981,1.5
2.256208,0.054801,-0.007514,1.5
2.364869,0.02591,0.010249,1.5
2.376822,0.093281,0.004957,1.5
2.283012,0.030816,0.041924,1.5
2.646066,0.097584,-0.017152,1.5
2.670286,0.039064,0.006471,1.5
3.065871,-0.008255,0.131644,1.5
2.617801,0.112045,-0.008892,1.5
2.717915,0.019251,0.032662,1.5
3.081191,0.043986,0.012596,1.5
2.784545,0.047718,0.04236,1.5
2.739674,-0.005647,0.010907,1.5
2.900123,0.048039,0.000932,1.5
3.1095,0.117602,0.024677,1.5
3.244416,0.131913,-0.0373,1.5
3.316459,0.067765,0.123076,1.5
3.500727,0.080783,-0.135659,1.5
3.296081,0.086269,-0.082807,1.5
3.230723,0.015804,-0.049199,1.5
3.429702,0.125438,-0.119828,1.5
3.232746,0.032146,-0.079366,1.5
3.819729,-0.008784,-0.064963,1.5
3.430886,-0.007779,0.015123,1.5
3.915496,0.087148,-0.107069,1.5
3.142922,-0.018244,-0.050533,1.5
4.085393,0.017367,-0.074613,1.5
4.052014,-0.011297,-0.074925,1.5
4.484164,0.015644,-0.072128,1.5
4.155656,-0.004228,-0.068559,1.5
4.263706,-0.066448,-0.042611,1.5
4.331461,0.045962,-0.078058,1.5
4.173573,0.063389,-0.066394,1.5
4.352543,0.091911,-0.077458,1.5
4.464452,0.058104,-0.11783,1.5
4.385593,-0.036234,-0.050601,1.5
4.553989,-0.045117,-0.060687,1.5
4.660382,0.009901,-0.067681,1.5
4.746807,0.084787,-0.162654,1.5
4.799167,-0.108946,-0.048479,1.5
4.563614,-0.058169,-0.062103,1.5
4.508551,-0.008332,-0.077654,1.5
4.491548,-0.061087,-0.071299,1.5
4.821651,-0.009421,-0.079629,1.5
5.148742,-0.075151,-0.05359,1.5
4.812301,-0.079846,-0.049491,1.5
5.322534,-0.071069,-0.056542,1.5
5.179675,-0.019824,-0.03652,1.5
5.239657,-0.06104,-0.079629,1.5
5.228498,-0.088904,-0.082155,1.5
5.448629,-0.104052,-0.09675,1.5
5.591796,-0.058097,-0.046433,1.5
6.080936,-0.120374,-0.072373,1.5
5.938417,-0.063996,-0.04733,1.5
5.507051,-0.03757,-0.166132,1.5
5.806701,-0.068989,-0.066392,1.5
5.309728,-0.05993,-0.062624,1.5
5.67659,-0.105725,-0.036459,1.5
5.889063,-0.084088,-0.063388,1.5
5.828832,-0.093667,-0.046513,1.5
5.70437,-0.127002,-0.058294,1.5
5.67697,-0.102496,-0.035057,1.5
5.737432,-0.088816,-0.053477,1.5
6.30044,-0.145685,-0.054347,1.5
6.004559,-0.144313,-0.048364,1.5
6.38456,-0.028842,-0.06953,1.5
6.115884,-0.069635,-0.05291,1.5
6.573279,-0.056352,-0.077362,1.5
6.464448,-0.04005,-0.066588,1.5
6.824419,-0.046655,-0.05887,1.5
6.686708,-0.042986,-0.133235,1.5
7.077632,-0.019901,-0.044566,1.5
6.573463,-0.111685,-0.038741,1.5
6.70209,-0.139509,-0.026056,1.5
6.411972,-0.11984,-0.044096,1.5
6.854931,-0.148384,-0.027926,1.5
7.24435,-0.029677,-0.057524,1.5
6.770894,-0.03858,-0.076013,1.5
7.053225,-0.111654,-0.050797,1.5
7.179084,-0.107891,-0.117555,1.5
7.247916,-0.163667,-0.038477,1.5
7.371726,-0.085214,-0.048249,1.5
7.54835,-0.025646,-0.06688,1.5
7.540865,-0.099788,-0.038072,1.5
7.595158,-0.059726,-0.069671,1.5
7.399554,-0.146577,-0.040755,1.5
7.152683,-0.03383,-0.051694,1.5
7.694344,-0.119531,-0.058588,1.5
7.879825,-0.155098,-0.04102,1.5
7.845443,-0.077149,-0.046852,1.5
7.942066,-0.159099,-0.042054,1.5
8.096227,-0.108208,-0.056271,1.5
7.995991,-0.136464,-0.04276,1.5
8.056182,-0.130531,-0.033651,1.5
7.79275,-0.153757,-0.031947,1.5
7.689637,-0.143709,-0.030918,1.5
8.172302,-0.124775,-0.033035,1.5
8.174188,-0.087064,-0.040243,1.5
7.999796,-0.075671,-0.051705,1.5
8.14537,-0.130597,-0.063011,1.5
7.921221,-0.116935,-0.032123,1.5
7.914052,-0.128853,-0.034046,1.5
8.371039,-0.097383,-0.063487,1.5
8.312698,-0.128016,-0.031176,1.5
7.747645,-0.179035,-0.014276,1.5
8.37339,-0.121785,-0.042802,1.5
8.315599,-0.088571,-0.048016,1.5
8.331208,-0.123009,-0.007203,1.5
8.049331,-0.125247,-0.038932,1.5
8.059482,-0.124065,-0.0433,1.5
8.029292,-0.148224,-0.004344,1.5
8.111784,-0.133159,-0.04088,1.5
7.823146,-0.177901,-0.026445,1.5
8.14852,-0.167875,-0.067299,1.5
7.882819,-0.116089,-0.043974,1.5
7.957843,-0.140516,-0.03098,1.5
7.750303,-0.189489,-0.031377,1.5
8.065264,-0.118417,-0.035795,1.5
8.155966,-0.125709,-0.03745,1.5
7.958235,-0.135602,-0.029219,1.5
8.205225,-0.134094,-0.021859,1.5
7.970113,-0.12889,-0.042637,1.5
7.800049,-0.121826,-0.033208,1.5
8.212591,-0.085726,-0.036024,1.5
7.955669,-0.131961,-0.037586,1.5
8.259156,-0.112469,-0.050427,1.5
8.848348,-0.160875,-0.021432,1.5
8.818474,-0.097211,-0.037466,1.5
8.74362,-0.109648,-0.040879,1.5
8.258355,-0.111397,-0.025454,1.5
8.419414,-0.10106,-0.041218,1.5
9.192156,-0.211789,-0.013257,1.5
9.13158,-0.230018,-0.010163,1.5
8.430722,-0.10578,-0.037905,1.5
8.42659,-0.104827,0.017409,1.5
9.380135,-0.035499,-0.044247,1.5
9.084907,-0.181931,-0.013309,1.5
8.38274,-0.090322,-0.058791,1.5
9.358796,-0.171107,-0.006405,1.5
9.673902,-0.188063,0.012886,1.5
9.753472,-0.121187,-0.041051,1.5
9.842336,-0.225784,-0.007954,1.5
9.39612,-0.135779,-0.028801,1.5
9.631446,-0.221891,-0.004272,1.5
10.163986,-0.119489,0.01301,1.5
9.829994,-0.160606,-0.031509,1.5
9.697637,-0.120968,-0.001229,1.5
10.341846,-0.134186,-0.015482,1.5
9.619369,-0.170413,0.047905,1.5
10.415848,-0.157116,0.005225,1.5
9.831651,-0.204718,0.062744,1.5
10.625436,-0.101196,-0.017902,1.5
10.091957,-0.123574,-0.025701,1.5
9.984727,-0.123174,-0.02929,1.5
10.169319,-0.219122,0.003896,1.5
10.3048,-0.090873,-0.018133,1.5
10.917876,-0.072964,-0.049952,1.5
10.787502,-0.085756,-0.025156,1.5
10.618157,-0.07083,-0.035395,1.5
11.168232,-0.096519,-0.037173,1.5
10.377166,-0.14181,-0.020984,1.5
10.176615,-0.156391,-0.011303,1.5
10.491286,-0.10284,-0.05153,1.5
10.415075,-0.096317,-0.025548,1.5
10.327279,-0.198792,-0.010892,1.5
10.670812,-0.115875,-0.025668,1.5
10.805714,-0.174473,-0.021244,1.5
10.584463,-0.151608,0.008413,1.5
11.510707,-0.081893,0.007553,1.5
10.805219,-0.198282,0.041566,1.5
11.171218,-0.183052,0.018942,1.5
11.259597,-0.146423,-0.01562,1.5
11.213742,-0.155074,0.013412,1.5
10.525174,-0.02127,-0.071525,1.5
11.005478,-0.076624,0.000051,1.5
11.141795,-0.162856,-0.004004,1.5
12.46845,-0.148822,-0.008574,1.5
11.244786,-0.088015,0.004502,1.5
11.276855,-0.098366,-0.022004,1.5
12.095578,-0.105906,-0.017543,1.5
11.3159,-0.152749,-0.012998,1.5
11.649189,-0.123845,-0.027728,1.5
11.898208,-0.112027,-0.002749,1.5
12.995911,-0.118605,0.10545,1.5
13.186872,-0.105978,-0.015863,1.5
12.825954,-0.153432,0.00849,1.5
12.863079,-0.191356,0.00949,1.5
13.249218,-0.145257,0.017687,1.5
13.118335,-0.148467,0.022151,1.5
13.242682,-0.145035,-0.020041,1.5
13.220988,-0.172046,0.035676,1.5
13.488284,-0.036592,-0.035509,1.5
13.417039,-0.118672,0.003175,1.5
13.580585,-0.06956,0.00275,1.5
13.52133,-0.108186,-0.003601,1.5
13.750184,-0.111438,-0.017537,1.5
13.291116,-0.09924,-0.001389,1.5
13.786276,-0.160126,0.019019,1.5
13.489583,-0.140295,-0.004707,1.5
14.190868,-0.170865,0.037342,1.5
13.851332,-0.14454,-0.030493,1.5
14.087816,-0.064376,-0.018625,1.5
14.084647,-0.098087,-0.014621,1.5
14.114024,-0.053072,-0.022536,1.5
14.271928,-0.131374,-0.006964,1.5
14.584036,-0.090022,-0.009429,1.5
14.222882,-0.042185,0.006247,1.5
14.199498,-0.154421,0.033127,1.5
14.237508,-0.108998,0.032059,1.5
14.600292,-0.061299,-0.009573,1.5
14.205463,-0.020981,0.060532,1.5
14.683549,-0.086916,0.020038,1.5
14.219532,-0.14984,0.028151,1.5
14.530057,-0.169185,0.036416,1.5
14.596826,-0.14423,0.029957,1.5
14.767949,-0.158365,0.03389,1.5
14.971158,-0.146533,0.019116,1.5
14.682609,-0.01121,-0.036276,1.5
14.697361,-0.074356,0.021942,1.5
14.628362,-0.01327,-0.002571,1.5
14.820022,-0.064303,-0.028616,1.5
14.837778,-0.055895,-0.030878,1.5
14.830111,-0.05236,-0.010142,1.5
14.757132,-0.095416,-0.03266,1.5
14.969758,-0.068388,-0.012087,1.5
14.928804,-0.068251,-0.007282,1.5
15.082518,-0.032654,-0.031068,1.5
14.919872,-0.054821,-0.048626,1.5
15.243016,-0.113009,-0.004154,1.5
15.30684,-0.058042,-0.041757,1.5
15.203976,-0.084353,-0.021223,1.5
15.345331,-0.127599,-0.018126,1.5
15.303487,-0.037881,-0.010957,1.5
15.30129,-0.096275,0.004201,1.5
15.573424,-0.075651,-0.033429,1.5
15.611844,-0.165028,0.011736,1.5
15.590767,-0.032152,0.012816,1.5
15.66675,-0.070656,-0.012512,1.5
15.768716,-0.09848,-0.015645,1.5
15.757715,-0.147014,-0.029126,1.5
15.812615,-0.082858,0.006134,1.5
15.948201,-0.071052,0.008698,1.5
16.011256,-0.085025,-0.017456,1.5
15.93694,-0.13602,-0.01355,1.5
16.171213,-0.181627,-0.006281,1.5
15.991074,-0.040258,-0.030061,1.5
16.023415,-0.163684,0.035776,1.5
15.984275,-0.057644,-0.038669,1.5
16.188958,-0.042501,-0.040967,1.5
16.2415,-0.087427,-0.01601,1.5
16.094168,-0.046495,-0.046365,1.5
16.446199,-0.108612,-0.01582,1.5
16.325551,-0.130864,-0.00459,1.5
16.410221,0.019837,-0.032316,1.5
16.430955,-0.084473,0.006911,1.5
16.646035,-0.141352,0.018137,1.5
16.516443,-0.058155,-0.03568,1.5
16.811932,-0.089292,-0.066944,1.5
16.769424,-0.156793,-0.025914,1.5
16.964092,-0.159694,-0.051601,1.5
16.776901,-0.035759,-0.052886,1.5
17.116984,-0.148214,-0.050204,1.5
17.098914,-0.175856,-0.009027,1.5
16.998383,-0.109951,-0.043725,1.5
17.278678,-0.095546,-0.076305,1.5
17.41039,-0.125278,-0.047503,1.5
17.407778,-0.100708,-0.060052,1.5
17.245235,-0.147406,-0.017835,1.5
17.484796,-0.081139,-0.050135,1.5
17.530348,-0.067085,-0.056034,1.5
17.536685,-0.177759,0.014574,1.5
17.360158,-0.157822,-0.013043,1.5
17.494645,-0.112609,-0.055495,1.5
17.743063,-0.107443,-0.060842,1.5
17.692189,-0.110282,-0.042777,1.5
17.843154,-0.181212,-0.042226,1.5
17.866077,-0.142103,-0.031882,1.5
17.930079,-0.172196,0.005925,1.5
18.200945,-0.187257,-0.03099,1.5
17.94997,-0.091573,-0.028359,1.5
18.240689,-0.112585,-0.067229,1.5
18.220982,-0.19056,-0.034063,1.5
18.171189,-0.162534,-0.026643,1.5
18.094085,-0.100797,-0.043029,1.5
18.05592,-0.206356,0.019797,1.5
18.176023,-0.09823,-0.005888,1.5
18.190487,-0.21164,-0.01954,1.5
18.359479,-0.157084,-0.017574,1.5
18.297203,-0.171587,-0.031658,1.5
18.397179,-0.172132,0.074185,1.5
18.250206,-0.116313,-0.020244,1.5
18.442553,-0.202594,0.004814,1.5
18.386941,-0.221036,0.008008,1.5
18.699619,-0.19673,0.004483,1.5
18.583854,-0.182234,-0.004512,1.5
18.482977,-0.151927,-0.004553,1.5
18.551571,-0.090913,-0.04926,1.5
18.612551,-0.07154,-0.025689,1.5
18.717513,-0.169243,0.006332,1.5
18.852406,-0.191828,-0.033563,1.5
18.949624,-0.148204,-0.040568,1.5
18.893214,-0.165905,-0.022198,1.5
18.847319,-0.166459,-0.048599,1.5
18.867316,-0.168812,0.037105,1.5
18.995901,-0.045543,-0.073991,1.5
19.010771,-0.199175,0.012875,1.5
18.907231,-0.183932,-0.009145,1.5
19.103992,-0.123587,-0.01726,1.5
18.966785,-0.136683,-0.04521,1.5
19.157434,-0.192129,-0.012809,1.5
19.172865,-0.138608,-0.03439,1.5
19.238641,-0.191596,-0.072859,1.5
19.033245,-0.13526,-0.113209,1.5
19.416814,-0.155397,-0.008086,1.5
19.584611,-0.157145,-0.047526,1.5
19.656945,-0.151984,-0.068028,1.5
19.717564,-0.094847,-0.056621,1.5
19.732735,-0.178284,-0.042991,1.5
19.955397,-0.313375,0.044902,1.5
19.781598,-0.214075,-0.009129,1.5
20.151801,-0.13719,-0.01414,1.5
19.891565,-0.226552,0.008284,1.5
20.028872,-0.156671,-0.07285,1.5
19.870487,-0.157902,-0.046002,1.5
20.016498,-0.214651,0.034163,1.5
20.192474,-0.130524,-0.098233,1.5
20.077194,-0.173287,-0.015926,1.5
20.384077,-0.158463,-0.100226,1.5
20.248622,-0.213145,0.041898,1.5
20.04363,-0.216674,-0.081934,1.5
20.440506,-0.170591,-0.096967,1.5
20.251406,-0.203333,-0.140316,1.5
20.403205,-0.236963,-0.072775,1.5
20.343647,-0.210707,-0.066469,1.5
20.401123,-0.15542,-0.058446,1.5
20.604108,-0.097489,-0.124644,1.5
20.692694,-0.183791,-0.052259,1.5
20.691335,-0.220581,-0.005305,1.5
20.831174,-0.150223,-0.134178,1.5
20.668386,-0.212373,-0.187352,1.5
20.896933,-0.201901,-0.121094,1.5
20.993771,-0.204442,0.005091,1.5
20.902712,-0.210989,-0.034061,1.5
20.917552,-0.188936,0.000316,1.5
21.078328,-0.232389,-0.08129,1.5
21.072856,-0.294373,0.069747,1.5
21.081737,-0.207251,-0.135694,1.5
21.137796,-0.261152,-0.030372,1.5
21.31773,-0.259171,-0.088675,1.5
21.333381,-0.173387,-0.055936,1.5
21.438316,-0.294202,-0.002513,1.5
21.285856,-0.222761,-0.040327,1.5
21.285448,-0.247589,-0.109134,1.5
21.428064,-0.256775,-0.080035,1.5
21.463391,-0.291883,-0.092899,1.5
21.468479,-0.14994,-0.065542,1.5
21.566568,-0.240606,0.021409,1.5
21.621072,-0.291713,-0.065962,1.5
21.709161,-0.237693,0.015041,1.5
21.725234,-0.3275,0.019706,1.5
21.710321,-0.217406,-0.051493,1.5
21.684281,-0.208342,-0.078313,1.5
21.757979,-0.196663,-0.075163,1.5
21.887935,-0.305918,-0.200935,1.5
22.012498,-0.368645,0.017898,1.5
21.923214,-0.279786,-0.028707,1.5
21.928912,-0.203755,-0.093242,1.5
22.032838,-0.18525,-0.165933,1.5
21.969199,-0.254543,0.202754,1.5
22.114015,-0.319368,-0.089876,1.5
22.1825,-0.321278,-0.004634,1.5
22.193515,-0.279206,-0.08266,1.5
22.300408,-0.331338,-0.126643,1.5
22.382239,-0.417053,0.052074,1.5
22.287487,-0.249953,-0.022087,1.5
22.333335,-0.255544,-0.075255,1.5
22.421954,-0.340492,-0.000958,1.5
22.564588,-0.275796,-0.015867,1.5
22.629489,-0.253149,-0.079199,1.5
22.562635,-0.210239,-0.023599,1.5
22.727855,-0.313539,-0.013569,1.5
22.743892,-0.209539,-0.034394,1.5
22.786001,-0.200666,-0.021684,1.5
22.787057,-0.290849,-0.030415,1.5
22.967009,-0.183001,0.061631,1.5
22.984174,-0.205993,0.083748,1.5
23.07409,-0.192898,0.121833,1.5
23.095884,-0.232923,0.165775,1.5
23.194755,-0.239766,0.190739,1.5
23.210111,-0.2317,0.305646,1.5
23.285272,-0.300026,0.288324,1.5
23.334064,-0.184273,0.319565,1.5
23.262142,-0.178668,0.39267,1.5
23.352925,-0.077906,0.495432,1.5
23.393753,-0.143467,0.565811,1.5
23.46123,0.05719,0.627309,1.5
23.532491,-0.004705,0.767372,1.5
23.582796,0.172213,0.854965,1.5
23.607546,0.20645,0.83402,1.5
23.597794,0.25844,0.899923,1.5
23.574901,0.305168,0.964621,1.5
23.638059,0.432928,1.090068,1.5
23.625403,0.455804,1.162021,1.5
23.616583,0.513489,1.212565,1.5
23.685546,0.678037,1.284213,1.5
23.684954,0.748883,1.41841,1.5
23.573167,0.901471,1.368624,1.5
23.636696,0.930883,1.388987,1.5
23.660853,0.970515,1.414859,1.5
23.611111,0.967167,1.360413,1.5
23.637562,1.093471,1.403138,1.5
23.730599,1.222328,1.420402,1.5
23.710323,1.20214,1.411985,1.5
23.773565,1.29482,1.426315,1.5
23.76243,1.292465,1.387688,1.5
23.78736,1.411508,1.48362,1.5
23.786034,1.486985,1.518376,1.5
23.749134,1.51898,1.505964,1.5
23.752115,1.516912,1.519772,1.5
23.600611,1.632485,1.488377,1.5
23.738404,1.839567,1.52579,1.5
23.745383,1.853346,1.513848,1.5
23.719817,2.03445,1.515787,1.5
23.71966,1.872182,1.517724,1.5
23.76221,2.006471,1.538613,1.5
23.643639,2.116842,1.504045,1.5
23.71394,2.211125,1.526047,1.5
23.682444,2.313704,1.522333,1.5
23.759718,2.315707,1.593605,1.5
23.69041,2.398809,1.519532,1.5
23.685256,2.506136,1.49685,1.5
23.678118,2.509168,1.520854,1.5
23.763531,2.599062,1.552239,1.5
23.771701,2.611276,1.538958,1.5
23.714703,2.617913,1.529067,1.5
23.705678,2.805231,1.498486,1.5
23.674122,2.819729,1.522979,1.5
23.710539,2.898842,1.537642,1.5
23.748832,2.939944,1.556371,1.5
23.6658,2.96237,1.479545,1.5
23.707172,2.984963,1.533545,1.5
23.699578,3.054445,1.524974,1.5
23.620721,3.100304,1.500663,1.5
23.683322,3.104741,1.546352,1.5
23.668247,3.152883,1.493034,1.5
23.733162,3.233864,1.550815,1.5
23.631242,3.366195,1.540188,1.5
23.649387,3.305229,1.518167,1.5
23.70251,3.399797,1.544934,1.5
23.807596,3.432617,1.554513,1.5
23.789775,3.490501,1.551471,1.5
23.726015,3.561341,1.54185,1.5
23.628785,3.625961,1.516213,1.5
23.765326,3.641796,1.557234,1.5
23.734258,3.639662,1.584144,1.5
23.733679,3.790567,1.557036,1.5
23.818518,3.786881,1.589563,1.5
23.619852,3.869179,1.541537,1.5
23.680424,3.921062,1.546766,1.5
23.753405,3.892434,1.537611,1.5
23.748848,3.958421,1.618568,1.5
23.705397,4.021024,1.538866,1.5
23.761769,4.06062,1.535069,1.5
23.726822,4.144907,1.598748,1.5
23.61004,4.316194,1.531161,1.5
23.799459,4.394091,1.550474,1.5
23.827695,4.425581,1.610734,1.5
23.723667,4.517309,1.567091,1.5
23.719516,4.527054,1.56236,1.5
23.741713,4.626188,1.586905,1.5
23.661508,4.597228,1.530708,1.5
23.681853,4.740657,1.54505,1.5
23.671611,4.750301,1.467594,1.5
23.646101,4.825267,1.557996,1.5
23.771782,4.857997,1.53778,1.5
23.733752,4.957455,1.549557,1.5
23.708267,5.001464,1.540037,1.5
23.761925,4.972779,1.580961,1.5
23.799768,5.024478,1.5702,1.5
23.72173,5.076662,1.536833,1.5
23.793708,5.072498,1.580466,1.5
23.699089,5.262709,1.561932,1.5
23.714709,5.258007,1.581146,1.5
23.779035,5.267229,1.589239,1.5
23.680339,5.406347,1.570908,1.5
23.800017,5.295598,1.598138,1.5
23.823662,5.354925,1.582454,1.5
23.754789,5.362382,1.585257,1.5
23.725552,5.417679,1.585106,1.5
23.780683,5.53538,1.618637,1.5
23.700722,5.540177,1.650917,1.5
23.762189,5.616151,1.589747,1.5
23.651614,5.685429,1.566796,1.5
23.720075,5.784956,1.599896,1.5
23.664843,5.941978,1.566905,1.5
23.574489,5.920559,1.546517,1.5
23.728127,5.964717,1.552939,1.5
23.745505,6.215338,1.590899,1.5
23.582035,6.035964,1.586799,1.5
23.714896,6.222763,1.579232,1.5
23.739031,6.243892,1.588789,1.5
23.772032,6.357495,1.577291,1.5
23.821482,6.310986,1.630208,1.5
23.685625,6.344786,1.589225,1.5
23.760421,6.680423,1.616398,1.5
23.660869,6.673077,1.581644,1.5
23.729711,6.827491,1.593232,1.5
23.72969,6.81479,1.582212,1.5
23.780848,6.720853,1.588903,1.5
23.661381,6.904022,1.58112,1.5
23.673806,6.837677,1.554145,1.5
23.637465,6.838051,1.5839,1.5
23.644699,6.94768,1.518606,1.5
23.690906,7.091419,1.619788,1.5
23.631479,7.225969,1.553684,1.5
23.667996,7.24371,1.59567,1.5
23.616223,7.306897,1.569504,1.5
23.740745,7.375983,1.620976,1.5
23.714537,7.284423,1.62455,1.5
23.632645,7.603032,1.596582,1.5
23.67936,7.518171,1.632228,1.5
23.731035,7.47339,1.695437,1.5
23.690465,7.629221,1.628128,1.5
23.694509,7.708083,1.617753,1.5
23.628874,7.799284,1.613781,1.5
23.682809,7.799881,1.60889,1.5
23.571842,7.917218,1.595006,1.5
23.631894,8.006864,1.658305,1.5
23.673476,8.116422,1.707168,1.5
23.630539,8.104853,1.711367,1.5
23.550228,8.099197,1.730736,1.5
23.469059,8.266888,1.851785,1.5
23.499817,8.253488,1.901818,1.5
23.489736,8.329195,1.951816,1.5
23.480016,8.435777,1.984302,1.5
23.468473,8.550581,2.098089,1.5
23.379507,8.497969,2.12424,1.5
23.255537,8.558911,2.191435,1.5
23.241047,8.62953,2.380388,1.5
23.200357,8.601896,2.392244,1.5
23.081104,8.732075,2.476903,1.5
23.08306,8.74674,2.547065,1.5
22.952262,8.736858,2.591088,1.5
22.919355,8.680499,2.655679,1.5
22.782314,8.666219,2.768676,1.5
22.676356,8.719632,2.852668,1.5
22.723337,8.715588,2.839464,1.5
22.718181,8.724743,2.921345,1.5
22.660408,8.699761,2.965583,1.5
22.638864,8.679634,2.963,1.5
22.530945,8.788476,2.99305,1.5
22.430412,8.708478,2.963306,1.5
22.447837,8.705553,2.980608,1.5
22.382181,8.793157,2.998292,1.5
22.340883,8.761422,2.985019,1.5
22.081498,8.680629,2.98324,1.5
22.412356,8.714673,2.978234,1.5
22.118728,8.611821,2.994074,1.5
22.208081,8.755431,3.079341,1.5
22.061018,8.72417,3.093653,1.5
21.851559,8.621131,3.090226,1.5
21.947533,8.814548,-3.135215,1.5
21.99376,8.738614,3.126285,1.5
21.901185,8.670219,3.079137,1.5
21.73169,8.794685,3.131295,1.5
21.841578,8.761095,-3.137726,1.5
21.638224,8.746593,3.121024,1.5
21.710165,8.629814,3.081547,1.5
21.367451,8.711086,3.069968,1.5
21.686974,8.786174,3.123848,1.5
21.601495,8.74081,3.120844,1.5
21.357672,8.704735,3.08726,1.5
21.306183,8.75349,2.991137,1.5
21.26511,8.741832,-3.067329,1.5
21.148716,8.788371,3.111025,1.5
21.051301,8.77761,3.096871,1.5
20.73793,8.784299,3.115184,1.5
20.628454,8.799616,3.106824,1.5
20.957125,8.717719,3.104829,1.5
20.717651,8.701974,3.11598,1.5
20.573972,8.720227,3.10278,1.5
20.370594,8.788243,3.105719,1.5
20.670648,8.750588,3.131606,1.5
20.351619,8.78465,-3.14056,1.5
20.483244,8.726943,-3.136382,1.5
20.300283,8.781839,3.139559,1.5
20.31087,8.748224,-3.129397,1.5
20.155049,8.70562,3.054553,1.5
20.33701,8.789463,-3.103337,1.5
20.267251,8.660798,-3.127574,1.5
20.196632,8.729896,-3.111976,1.5
20.0472,8.651462,3.12895,1.5
20.127194,8.677319,-3.123856,1.5
20.184943,8.715407,-3.123981,1.5
19.72705,8.727537,-3.112489,1.5
19.861944,8.679168,-3.136218,1.5
19.886352,8.688445,-3.122178,1.5
19.949813,8.677802,3.140742,1.5
19.574397,8.690145,-3.117393,1.5
19.805282,8.727792,-3.102204,1.5
19.453191,8.647659,-3.122535,1.5
19.502937,8.693202,-3.111721,1.5
19.641904,8.614481,-3.122404,1.5
19.588716,8.652395,-3.120643,1.5
19.593648,8.681136,-3.115458,1.5
19.498207,8.682998,-3.105213,1.5
19.586208,8.639138,-3.128759,1.5
19.547488,8.691046,-3.103979,1.5
19.624131,8.677279,-3.11112,1.5
19.198135,8.588925,-3.117606,1.5
19.172532,8.646912,-3.106943,1.5
19.581133,8.645885,-3.10844,1.5
19.122501,8.669799,-3.100648,1.5
18.818616,8.739609,-3.084848,1.5
19.159731,8.666466,-3.088217,1.5
18.676343,8.636365,-3.107261,1.5
18.604484,8.648964,-3.101232,1.5
18.693,8.655063,-3.103583,1.5
18.343659,8.639021,-3.128642,1.5
18.464088,8.764685,-3.085506,1.5
18.698387,8.691372,-3.105326,1.5
18.473711,8.560893,3.08902,1.5
18.637226,8.591034,-3.124619,1.5
18.567325,8.616136,-3.119024,1.5
18.244037,8.64419,-3.116514,1.5
18.266563,8.630597,-3.119525,1.5
18.181406,8.596229,3.097379,1.5
18.048259,8.702652,-3.120338,1.5
18.290882,8.674962,-3.119157,1.5
18.187701,8.616933,-3.140538,1.5
17.811532,8.66071,-3.128167,1.5
18.068506,8.652941,-3.120412,1.5
17.940431,8.565913,3.119015,1.5
18.21161,8.65911,-3.091456,1.5
17.694391,8.637678,3.122972,1.5
17.812424,8.581763,3.115238,1.5
17.69025,8.627255,-3.135877,1.5
17.898692,8.643043,-3.097616,1.5
17.493116,8.532239,3.135508,1.5
17.576978,8.562633,3.11677,1.5
17.474887,8.568751,-3.139496,1.5
17.383385,8.5483,3.12281,1.5
17.1718,8.597905,3.127047,1.5
17.647146,8.66372,3.13444,1.5
17.46797,8.584322,3.10579,1.5
17.297868,8.640069,3.133188,1.5
17.4448,8.666534,-3.140385,1.5
17.446304,8.672644,3.089253,1.5
17.306181,8.61237,3.123125,1.5
17.1497,8.689508,3.105127,1.5
17.222845,8.682577,3.122709,1.5
17.144079,8.555624,3.103986,1.5
17.126399,8.67388,3.135495,1.5
17.148258,8.579452,3.093214,1.5
17.015268,8.658353,3.080404,1.5
17.118422,8.605151,3.133105,1.5
16.987187,8.569524,3.110039,1.5
17.052187,8.658039,-3.129369,1.5
16.82489,8.594759,-3.125518,1.5
16.848145,8.552402,3.074613,1.5
16.865505,8.610875,3.100229,1.5
16.782045,8.650669,3.105266,1.5
16.690462,8.646429,3.042026,1.5
16.230103,8.706969,3.120352,1.5
16.689042,8.628282,3.123106,1.5
15.979395,8.74023,3.122536,1.5
16.390628,8.582728,3.104274,1.5
16.10464,8.709904,-3.140884,1.5
15.856698,8.531295,3.081828,1.5
15.664942,8.652767,3.117493,1.5
15.454971,8.648451,3.127589,1.5
15.540538,8.644323,3.116404,1.5
15.504524,8.587638,3.129604,1.5
15.82969,8.591603,3.10986,1.5
15.36445,8.699373,3.139836,1.5
15.505466,8.706937,-3.122637,1.5
15.753049,8.571356,3.100943,1.5
15.029296,8.618825,-3.130946,1.5
15.741722,8.646695,3.118878,1.5
15.346816,8.658237,3.114751,1.5
15.041632,8.59027,3.10956,1.5
15.330328,8.595051,-3.138776,1.5
15.291231,8.710251,3.136165,1.5
15.593078,8.59512,3.109885,1.5
15.048233,8.644542,3.102565,1.5
15.051025,8.671858,-3.119886,1.5
15.091223,8.635519,-3.137019,1.5
15.176467,8.626908,3.1139,1.5
15.139806,8.598168,3.10237,1.5
14.977323,8.647204,-3.13867,1.5
15.084123,8.647199,3.129498,1.5
14.833422,8.677104,3.107134,1.5
15.042182,8.554929,3.111354,1.5
14.793144,8.623326,3.114414,1.5
14.337586,8.633568,-3.137127,1.5
14.601367,8.63753,3.095413,1.5
14.810272,8.743787,3.135254,1.5
14.684145,8.531297,3.09969,1.5
14.152969,8.588763,3.078802,1.5
14.238391,8.651767,3.111848,1.5
14.307955,8.713126,3.126943,1.5
14.274296,8.681788,3.120058,1.5
14.168644,8.615831,3.120562,1.5
14.117712,8.645511,-3.089293,1.5
14.158052,8.572456,3.111267,1.5
13.903835,8.684347,-3.113862,1.5
13.895915,8.616456,3.141239,1.5
14.032356,8.614255,3.129846,1.5
13.787167,8.63459,-3.119356,1.5
13.573831,8.614473,-3.128204,1.5
13.788428,8.568512,-3.126481,1.5
13.872411,8.665176,-3.135879,1.5
13.864627,8.590863,3.130488,1.5
13.811081,8.545522,3.063412,1.5
13.553464,8.663659,-3.138973,1.5
13.298747,8.690662,-3.132754,1.5
13.337193,8.649072,3.128908,1.5
13.223975,8.548988,3.108551,1.5
13.117311,8.561397,3.054192,1.5
12.901382,8.641359,3.127796,1.5
13.261664,8.642919,3.132702,1.5
13.090408,8.680447,-3.133155,1.5
13.002583,8.623249,-3.133922,1.5
13.246891,8.541777,3.111546,1.5
12.523462,8.658167,3.138279,1.5
12.817498,8.592795,3.124198,1.5
12.62273,8.571899,3.12248,1.5
12.884162,8.702558,-3.100626,1.5
12.838638,8.651616,-3.082319,1.5
12.655462,8.672808,-3.098735,1.5
12.575702,8.6186,3.137702,1.5
12.503746,8.679756,-3.088158,1.5
12.387002,8.606613,-3.118467,1.5
12.545522,8.576182,3.13266,1.5
12.32569,8.593795,-3.129019,1.5
12.534273,8.55712,-3.135664,1.5
12.693066,8.638531,-3.107648,1.5
12.217472,8.670098,-3.12868,1.5
12.153563,8.588472,-3.12844,1.5
12.025529,8.63716,3.135231,1.5
12.027198,8.562248,3.089227,1.5
12.30009,8.561218,3.06717,1.5
12.165525,8.62319,-3.121973,1.5
12.130931,8.628401,-2.932828,1.5
11.989453,8.623147,-3.125619,1.5
11.869339,8.602788,-3.133679,1.5
11.708755,8.629698,3.13976,1.5
11.736169,8.575304,-3.121072,1.5
11.68648,8.604713,-3.106509,1.5
11.652587,8.542266,-3.1403,1.5
11.624884,8.5569,-3.141183,1.5
11.45244,8.537109,-3.131362,1.5
11.679697,8.509381,3.114596,1.5
11.313564,8.611948,3.118691,1.5
11.176591,8.604556,-3.140813,1.5
11.381704,8.587673,3.110471,1.5
11.018297,8.571728,3.122767,1.5
11.416537,8.623808,-3.138067,1.5
11.299643,8.550493,3.102442,1.5
10.9175,8.528203,3.110082,1.5
11.062101,8.583857,3.088054,1.5
11.122886,8.653493,3.128756,1.5
10.958024,8.418873,3.075157,1.5
10.797579,8.642525,3.119232,1.5
10.69687,8.700858,3.14031,1.5
11.064913,8.580913,3.108543,1.5
10.622293,8.603994,3.114247,1.5
10.767539,8.589181,3.084379,1.5
10.614832,8.651162,3.137252,1.5
10.440349,8.650631,-3.082052,1.5
10.68731,8.625595,3.134406,1.5
10.584987,8.624059,3.114289,1.5
10.247778,8.647081,3.121912,1.5
10.447116,8.752317,-3.140589,1.5
10.237275,8.565049,3.10993,1.5
10.603224,8.674928,3.121484,1.5
10.464116,8.673445,3.088972,1.5
10.024095,8.590914,3.047198,1.5
10.252133,8.628178,3.093537,1.5
10.277222,8.662353,3.085855,1.5
10.141737,8.661573,3.075574,1.5
10.260911,8.723303,3.116051,1.5
10.13713,8.537954,3.091965,1.5
10.324548,8.734275,-3.053478,1.5
9.784278,8.613771,3.101704,1.5
10.092085,8.651229,3.104118,1.5
10.145053,8.633481,3.121136,1.5
9.671294,8.655053,3.106202,1.5
9.710632,8.66999,3.093412,1.5
9.755989,8.599005,3.064548,1.5
9.427663,8.642421,3.106024,1.5
9.195633,8.660449,3.106922,1.5
9.464274,8.733133,3.091541,1.5
9.30677,8.572091,3.069799,1.5
9.423811,8.640628,3.107361,1.5
9.164269,8.674502,3.110524,1.5
9.148961,8.593432,3.105532,1.5
9.162134,8.637916,3.095417,1.5
8.759751,8.662719,3.100741,1.5
8.837214,8.710017,3.108305,1.5
8.859371,8.732049,3.092759,1.5
8.260704,8.723784,3.108487,1.5
8.707193,8.728029,3.090632,1.5
8.491338,8.691556,3.060332,1.5
8.697597,8.692749,3.104332,1.5
8.481302,8.670995,3.078745,1.5
8.339448,8.719785,3.094474,1.5
8.143476,8.713742,3.117861,1.5
8.114634,8.691502,3.116662,1.5
8.146995,8.749242,3.123637,1.5
8.386761,8.683976,3.09847,1.5
8.166103,8.69536,3.050532,1.5
8.217134,8.742321,3.089036,1.5
7.932212,8.713307,3.091382,1.5
8.113145,8.719681,3.096655,1.5
7.89441,8.697737,3.101463,1.5
7.569385,8.64252,3.038913,1.5
7.576431,8.631197,3.064008,1.5
7.305644,8.691721,3.088082,1.5
7.339727,8.766172,3.090619,1.5
7.411512,8.767334,3.089881,1.5
7.038867,8.72531,3.116955,1.5
7.432273,8.657923,3.091499,1.5
6.787578,8.691898,3.084357,1.5
6.775606,8.725974,3.118679,1.5
6.920646,8.685724,3.069709,1.5
7.237427,8.785818,3.085396,1.5
6.982088,8.746063,3.059118,1.5
6.356829,8.689006,3.062729,1.5
6.781897,8.745635,3.065069,1.5
6.66085,8.695727,3.061859,1.5
6.673736,8.768004,3.06804,1.5
6.3002,8.716732,3.067444,1.5
6.320888,8.763324,3.067899,1.5
6.523592,8.738398,3.061254,1.5
6.186203,8.702298,3.066738,1.5
5.833486,8.78619,3.059844,1.5
5.997509,8.65211,3.056041,1.5
6.316768,8.756998,2.983069,1.5
6.377999,8.701264,3.075014,1.5
6.007037,8.763162,3.083226,1.5
6.066778,8.702849,3.050115,1.5
5.67151,8.806976,3.067608,1.5
5.752795,8.72363,3.059287,1.5
5.646248,8.711285,3.029502,1.5
5.770534,8.791179,3.048594,1.5
5.579125,8.693239,3.039564,1.5
5.646084,8.764636,3.058691,1.5
5.453549,8.741169,3.090272,1.5
5.891215,8.842329,3.092556,1.5
5.340862,8.811881,3.062826,1.5
5.717557,8.90633,3.122067,1.5
5.682672,8.859355,3.084662,1.5
5.685959,8.80386,3.064963,1.5
4.797847,8.818277,3.086195,1.5
5.339651,8.792494,3.050199,1.5
5.060149,8.863535,3.0507,1.5
5.292202,8.813111,3.056489,1.5
5.302301,8.83002,2.979216,1.5
5.079951,8.868928,3.089695,1.5
5.095989,8.870277,3.120394,1.5
5.187456,8.848775,3.111306,1.5
5.576539,8.899004,3.103778,1.5
5.500582,8.912955,3.140635,1.5
5.459308,8.905631,3.115606,1.5
5.400541,8.879459,3.077397,1.5
5.44518,8.887837,3.124773,1.5
5.032208,8.913021,3.123141,1.5
5.284439,8.910639,3.138851,1.5
5.049482,8.824024,3.108789,1.5
4.997658,8.90529,3.102907,1.5
5.166575,8.874827,-3.107001,1.5
5.021557,8.859803,3.107209,1.5
4.84232,8.921209,-3.128333,1.5
4.726327,8.931551,3.114833,1.5
4.753506,8.822252,3.019474,1.5
4.735581,8.878387,-3.133249,1.5
5.004873,8.793317,3.02663,1.5
4.816984,8.811015,3.028809,1.5
4.682822,8.831007,3.06677,1.5
4.456657,8.737622,2.998481,1.5
4.485253,8.853049,3.033292,1.5
4.328549,8.849986,3.084843,1.5
4.305315,8.845121,-3.129117,1.5
4.07934,8.956472,3.123049,1.5
3.910891,8.913255,-3.035342,1.5
3.901616,8.877247,3.11898,1.5
3.709857,8.960346,-3.107506,1.5
3.70614,8.951895,3.102374,1.5
3.599996,8.904617,3.082615,1.5
3.788432,8.859491,3.008258,1.5
3.570047,8.925006,-3.114276,1.5
3.403565,9.00969,-3.135197,1.5
3.277947,8.899768,3.092031,1.5
3.278803,8.829548,3.04214,1.5
2.942765,8.943006,-3.122925,1.5
3.387772,8.880901,3.051757,1.5
3.25717,8.887063,3.12471,1.5
3.037938,8.86158,-3.130833,1.5
2.94607,8.938153,3.138235,1.5
2.764366,8.894143,-3.096292,1.5
2.507053,8.822947,3.065551,1.5
2.579458,8.981057,-3.062829,1.5
2.728693,8.852096,3.078595,1.5
2.746656,8.864712,3.064362,1.5
2.629102,8.808195,2.992345,1.5
2.520881,8.849185,3.070904,1.5
2.406196,8.840055,3.080808,1.5
2.379032,8.900725,3.075901,1.5
2.303631,8.820423,-3.113159,1.5
2.187861,8.828195,3.086675,1.5
2.234444,8.88019,3.114459,1.5
2.292862,8.773115,3.063785,1.5
2.144966,8.860133,3.114244,1.5
2.146326,8.950406,3.126257,1.5
2.067632,8.866458,3.12028,1.5
2.106992,8.82065,3.09524,1.5
1.983276,8.818118,3.118691,1.5
1.953118,8.918409,3.111486,1.5
2.061628,8.820364,-3.078234,1.5
1.973075,8.850565,3.093577,1.5
1.692969,8.927806,-3.103435,1.5
1.676355,8.890568,3.098938,1.5
1.832168,8.924056,-3.111448,1.5
1.762587,8.845389,3.121468,1.5
1.692462,8.888069,-3.090097,1.5
1.518105,8.915258,3.118422,1.5
1.438481,8.902326,-3.11312,1.5
1.410738,8.842258,-3.138962,1.5
1.323995,8.845167,-3.094405,1.5
1.318286,8.893041,-3.064172,1.5
1.205915,8.905253,-3.093147,1.5
1.189015,8.80999,3.111274,1.5
1.079936,8.774895,-3.056503,1.5
1.079517,8.729099,-3.08232,1.5
0.886373,8.780662,-3.022402,1.5
0.894526,8.847387,-2.936064,1.5
0.815933,8.810173,-2.920425,1.5
0.737665,8.720475,-2.837273,1.5
0.795889,8.785752,-2.775962,1.5
0.695383,8.674627,-2.704297,1.5
0.673758,8.685659,-2.654338,1.5
0.556801,8.539607,-2.57761,1.5
0.584279,8.599386,-2.525676,1.5
0.508087,8.485532,-2.437912,1.5
0.410217,8.43482,-2.310794,1.5
0.344231,8.375891,-2.254874,1.5
0.370142,8.27992,-2.103526,1.5
0.314695,8.190452,-2.042211,1.5
0.352794,8.080835,-1.989372,1.5
0.2007,8.038451,-1.888269,1.5
0.309011,7.897155,-1.810571,1.5
0.295662,7.832088,-1.720618,1.5
0.323988,7.780831,-1.721443,1.5
0.33194,7.612063,-1.67053,1.5
0.369936,7.51093,-1.678252,1.5
0.364715,7.395526,-1.672409,1.5
0.258853,7.381079,-1.638038,1.5
0.373619,7.317436,-1.673446,1.5
0.405461,7.21234,-1.702994,1.5
0.291429,7.094061,-1.715459,1.5
0.362711,7.0036,-1.730355,1.5
0.323751,6.973745,-1.701985,1.5
0.313448,6.837097,-1.692614,1.5
0.406361,6.801602,-1.72559,1.5
0.267012,6.720229,-1.714024,1.5
0.459238,6.67293,-1.722149,1.5
0.255732,6.696442,-1.693864,1.5
0.306398,6.637211,-1.706952,1.5
0.341261,6.592656,-1.707522,1.5
0.356249,6.513894,-1.728601,1.5
0.330524,6.441638,-1.70998,1.5
0.065075,6.481876,-1.64115,1.5
0.265117,6.362784,-1.719678,1.5
0.20365,6.308667,-1.664677,1.5
0.316561,6.128343,-1.698123,1.5
0.178883,6.242068,-1.651855,1.5
0.263233,6.176024,-1.719716,1.5
0.34311,6.040217,-1.720783,1.5
0.21601,5.975116,-1.705782,1.5
0.198654,6.022556,-1.700453,1.5
0.237882,5.820394,-1.723039,1.5
0.207813,5.825053,-1.69554,1.5
0.187336,5.691196,-1.70584,1.5
0.240042,5.753758,-1.70028,1.5
0.237428,5.537904,-1.723047,1.5
0.202357,5.652207,-1.717431,1.5
0.155263,5.416406,-1.683565,1.5
0.127983,5.330914,-1.723058,1.5
0.201704,5.247564,-1.705351,1.5
0.133526,5.153986,-1.667521,1.5
0.115521,5.189867,-1.694477,1.5
0.226562,5.10922,-1.714089,1.5
0.138111,5.126162,-1.682103,1.5
0.151069,5.147769,-1.688479,1.5
0.110385,5.122507,-1.709792,1.5
0.116509,4.989502,-1.655636,1.5
0.098016,4.940531,-1.640197,1.5
0.062997,4.85114,-1.63841,1.5
0.016651,4.680103,-1.616217,1.5
0.02446,4.776881,-1.619523,1.5
0.0991,4.701034,-1.646352,1.5
0.079081,4.683247,-1.587278,1.5
0.133337,4.700323,-1.700267,1.5
0.137694,4.491229,-1.671695,1.5
0.078434,4.69671,-1.643737,1.5
0.222787,4.573567,-1.680716,1.5
0.185176,4.45048,-1.684664,1.5
0.169183,4.397671,-1.646303,1.5
0.142617,4.324849,-1.64348,1.5
0.009092,4.410726,-1.6031,1.5
0.118102,4.280727,-1.650176,1.5
0.180968,4.163587,-1.668417,1.5
0.079783,4.153249,-1.647288,1.5
0.122641,4.123838,-1.610599,1.5
0.149477,4.017727,-1.610337,1.5
0.046633,4.018186,-1.590149,1.5
0.206669,3.952323,-1.704173,1.5
0.100088,3.93209,-1.611703,1.5
0.094247,3.913291,-1.636223,1.5
0.170212,3.879446,-1.604819,1.5
0.166136,3.796068,-1.60136,1.5
-0.015821,3.842526,-1.54205,1.5
-0.019214,3.605604,-1.545778,1.5
0.068624,3.702132,-1.487745,1.5
0.111555,3.507326,-1.565106,1.5
0.035296,3.521315,-1.562373,1.5
0.169261,3.443122,-1.651202,1.5
0.091933,3.42952,-1.600522,1.5
0.096677,3.338626,-1.459715,1.5
0.224284,3.222717,-1.648764,1.5
0.129465,3.212181,-1.55997,1.5
-0.007382,3.230525,-1.544846,1.5
0.129277,3.216739,-1.549217,1.5
0.100083,3.169971,-1.555811,1.5
0.049075,3.124472,-1.501838,1.5
0.089842,3.125715,-1.522988,1.5
0.13413,2.941922,-1.509747,1.5
0.206956,2.953342,-1.587741,1.5
0.039124,3.007494,-1.525018,1.5
0.037281,2.811323,-1.594566,1.5
0.156859,2.910394,-1.630211,1.5
0.054036,2.735731,-1.624419,1.5
0.163448,2.871295,-1.689426,1.5
0.073151,2.639745,-1.543797,1.5
0.083011,2.617492,-1.505327,1.5
0.053847,2.499113,-1.638523,1.5
0.1824,2.576988,-1.63611,1.5
0.035084,2.52458,-1.478355,1.5
-0.036351,2.438888,-1.49742,1.5
0.218292,2.410678,-1.654526,1.5
0.06659,2.329874,-1.575083,1.5
0.052806,2.442558,-1.569568,1.5
0.025077,2.244057,-1.554586,1.5
0.129202,2.272493,-1.58392,1.5
0.12133,2.12566,-1.576518,1.5
0.17836,2.079421,-1.564998,1.5
-0.006138,1.969049,-1.46462,1.5
0.190387,1.989733,-1.550598,1.5
0.134395,2.012728,-1.629347,1.5
0.052173,1.897124,-1.545192,1.5
0.14879,1.765023,-1.606631,1.5
0.07963,1.843858,-1.545218,1.5
0.029649,1.696343,-1.4208,1.5
0.027651,1.691846,-1.470835,1.5
0.143025,1.605155,-1.597326,1.5
0.183276,1.565038,-1.565058,1.5
0.179333,1.642652,-1.488033,1.5
0.013078,1.534546,-1.449917,1.5
0.13956,1.463535,-1.696219,1.5
0.223351,1.541899,-1.685833,1.5
0.141774,1.45356,-1.60407,1.5
0.159739,1.44146,-1.626555,1.5
0.188042,1.380085,-1.526727,1.5
0.166682,1.362212,-1.586675,1.5
0.091697,1.328916,-1.565169,1.5
0.103835,1.230885,-1.446771,1.5
0.180751,1.307748,-1.683212,1.5
0.048723,1.244323,-1.571706,1.5
0.187968,1.193654,-1.67989,1.5
0.130153,1.112032,-1.472527,1.5
0.051664,1.025201,-1.566721,1.5
0.176661,0.878564,-1.538477,1.5
0.118611,0.947474,-1.64824,1.5
0.172194,0.877274,-1.532494,1.5
0.081294,0.874128,-1.420075,1.5
0.034584,0.836668,-1.539918,1.5
0.109861,0.861677,-1.593269,1.5
0.139123,0.785649,-1.575517,1.5
0.07013,0.58939,-1.513847,1.5
0.150497,0.626042,-1.501307,1.5
0.180596,0.531099,-1.450679,1.5
0.256827,0.391558,-1.300348,1.5
0.268693,0.396637,-1.306258,1.5
0.258838,0.380856,-1.28217,1.5
0.231893,0.238723,-1.214341,1.5
0.240013,0.32798,-1.151025,1.5
0.302372,0.219689,-1.096827,1.5
0.306985,0.171937,-1.023026,1.5
0.490832,0.139149,-0.943697,1.5
0.59057,0.111088,-0.826679,1.5
0.507981,0.071373,-0.799765,1.5
0.685529,-0.050338,-0.659273,1.5
0.662218,-0.027655,-0.610664,1.5
0.720715,-0.071307,-0.537903,1.5
0.761594,-0.024773,-0.480621,1.5
0.933125,-0.037891,-0.345887,1.5
0.987972,-0.124972,-0.28839,1.5
1.058221,0.009697,-0.257393,1.5
1.140855,-0.030396,-0.196645,1.5
1.214543,-0.071385,-0.140985,1.5
1.285344,-0.081347,-0.045802,1.5
1.412927,-0.035037,0.031553,1.5
1.414035,-0.045373,0.057755,1.5
1.461504,0.02503,0.12518,1.5
1.326406,0.040936,0.103223,1.5
1.528814,0.044281,0.153564,1.5
1.526227,0.046492,0.176733,1.5
1.67603,0.045955,0.165296,1.5
1.505636,0.113102,0.158198,1.5
1.61098,0.11726,0.151761,1.5
1.58938,0.165133,0.151962,1.5
1.778317,0.143422,0.1499,1.5
2.07426,0.099691,0.086064,1.5
2.005449,0.16755,0.074302,1.5
2.176191,0.057535,0.112954,1.5
1.88221,0.183216,0.09294,1.5
2.046428,0.217159,0.087408,1.5
2.077678,0.222676,0.075417,1.5
2.171951,0.219755,0.029264,1.5
2.408608,0.136443,0.111555,1.5
2.074897,0.220163,0.065478,1.5
2.644033,0.281655,0.024297,1.5
1.803008,0.154817,0.06619,1.5
2.589665,0.184207,0.034665,1.5
2.345949,0.126184,0.093228,1.5
2.270033,0.233943,-0.011882,1.5
2.101335,0.231034,0.060613,1.5
2.308015,0.187657,0.083089,1.5
2.191628,0.121717,0.089569,1.5
1.580481,0.171236,0.055225,1.5
1.893766,0.1896,0.046514,1.5
2.478641,0.160443,0.087694,1.5
2.55068,0.139912,0.025711,1.5
2.139142,0.259785,0.082764,1.5
2.042088,0.079512,0.090233,1.5
2.22503,0.124597,0.082054,1.5
2.701491,0.193676,0.048056,1.5
2.50993,0.161652,0.030061,1.5
2.309083,0.205837,-0.003221,1.5
1.69482,0.159161,0.100992,1.5
2.531149,0.196813,0.073613,1.5
